Unnamed: 0_level_0,Unnamed: 1_level_0,Unnamed: 2_level_0,Unnamed: 3_level_0,Unnamed: 4_level_0,Totals,Totals,Totals,Totals,Totals,Totals,Totals,Totals,Totals,Totals,Totals,Totals,Totals,Totals,Totals,Totals,Shooting,Shooting,Shooting,Per Game,Per Game,Per Game,Per Game,Per Game,Per Game,Season_Year
Rk,Player,Debut,Age,Yrs,G,MP,FG,FGA,3P,3PA,FT,FTA,ORB,TRB,AST,STL,BLK,TOV,PF,PTS,FG%,3P%,FT%,MP,PTS,TRB,AST,STL,BLK,
1,Timmy Allen,"Apr 6, '24, MEM vs. PHI",24,1,5,125,6,23,0,7,1,2,4,17,5,4,0,2,18,13,.261,.000,.500,25.0,2.6,3.4,1.0,0.8,0.0,2024
2,Ibou Badji,"Dec 26, '23, POR vs. SAC",21,1,22,226,14,22,0,0,6,12,20,51,13,3,20,15,46,34,.636,,.500,10.3,1.5,2.3,0.6,0.1,0.9,2024
3,Amari Bailey,"Nov 12, '23, CHO @ NYK",19,1,10,65,8,24,1,8,6,7,6,9,7,3,0,4,2,23,.333,.125,.857,6.5,2.3,0.9,0.7,0.3,0.0,2024
4,Emoni Bates,"Oct 28, '23, CLE vs. IND",20,2,25,208,28,87,21,63,1,4,1,21,18,2,3,10,9,78,.322,.333,.250,8.3,3.1,0.8,0.7,0.1,0.1,2024
5,Jules Bernard,"Dec 8, '23, WAS @ BRK",24,1,19,149,29,64,11,29,5,9,10,26,16,3,1,8,14,74,.453,.379,.556,7.8,3.9,1.4,0.8,0.2,0.1,2024
6,Onuralp Bitim,"Nov 4, '23, CHI @ DEN",24,1,23,268,32,84,12,44,4,5,6,32,13,3,2,10,24,80,.381,.273,.800,11.7,3.5,1.4,0.6,0.1,0.1,2024
7,Anthony Black,"Oct 25, '23, ORL vs. HOU",20,3,189,4335,618,1383,167,479,317,439,117,541,501,175,96,297,390,1720,.447,.349,.722,22.9,9.1,2.9,2.7,0.9,0.5,2024
8,Leaky Black,"Nov 8, '23, CHO vs. WAS",24,1,26,284,25,52,9,20,10,15,9,48,24,8,11,6,19,69,.481,.450,.667,10.9,2.7,1.8,0.9,0.3,0.4,2024
9,Izaiah Brockington,"Mar 5, '24, NOP @ TOR",24,1,1,3,2,5,0,1,0,0,1,2,0,0,0,0,0,4,.400,.000,,3.0,4.0,2.0,0.0,0.0,0.0,2024
10,Kobe Brown,"Oct 25, '23, LAC vs. POR",24,3,112,928,96,234,30,117,24,31,56,176,73,26,12,32,86,246,.410,.256,.774,8.3,2.2,1.6,0.7,0.2,0.1,2024
11,Kobe Bufkin,"Oct 29, '23, ATL @ MIL",20,3,31,365,56,150,15,66,19,28,12,59,46,11,10,19,32,146,.373,.227,.679,11.8,4.7,1.9,1.5,0.4,0.3,2024
12,Toumani Camara,"Oct 25, '23, POR @ LAC",23,3,192,5773,726,1625,302,846,222,304,388,1013,377,225,104,282,547,1976,.447,.357,.730,30.1,10.3,5.3,2.0,1.2,0.5,2024
13,D.J. Carton,"Feb 22, '24, TOR vs. BRK",23,2,8,69,4,15,1,7,5,6,2,8,6,3,0,5,4,14,.267,.143,.833,8.6,1.8,1.0,0.8,0.4,0.0,2024
14,Colin Castleton,"Nov 4, '23, LAL @ ORL",23,2,42,491,55,114,2,16,35,44,59,134,31,10,10,26,62,147,.482,.125,.795,11.7,3.5,3.2,0.7,0.2,0.2,2024
15,Malcolm Cazalon,"Nov 5, '23, DET vs. PHO",22,1,1,3,0,0,0,0,0,0,0,0,0,0,0,0,0,0,,,,3.0,0.0,0.0,0.0,0.0,0.0,2024
16,Sidy Cissoko,"Nov 20, '23, SAS vs. LAC",19,3,73,1092,110,268,47,154,55,80,50,131,82,36,16,56,133,322,.410,.305,.688,15.0,4.4,1.8,1.1,0.5,0.2,2024
17,Noah Clowney,"Nov 25, '23, BRK vs. MIA",19,3,110,2583,347,887,184,562,216,270,108,432,137,65,71,134,245,1094,.391,.327,.800,23.5,9.9,3.9,1.2,0.6,0.6,2024
18,Bilal Coulibaly,"Oct 25, '23, WAS @ IND",19,3,147,4327,533,1265,151,497,295,401,170,667,371,171,112,252,348,1512,.421,.304,.736,29.4,10.3,4.5,2.5,1.2,0.8,2024
19,Ricky Council IV,"Jan 2, '24, PHI vs. CHI",22,2,105,1539,231,575,67,245,176,224,65,260,113,40,14,57,84,705,.402,.273,.786,14.7,6.7,2.5,1.1,0.4,0.1,2024
20,Jalen Crutcher,"Feb 27, '24, NOP @ NYK",24,1,1,3,0,1,0,0,0,0,0,0,0,0,0,0,0,0,.000,,,3.0,0.0,0.0,0.0,0.0,0.0,2024
,,,,,Totals,Totals,Totals,Totals,Totals,Totals,Totals,Totals,Totals,Totals,Totals,Totals,Totals,Totals,Totals,Totals,Shooting,Shooting,Shooting,Per Game,Per Game,Per Game,Per Game,Per Game,Per Game,2024
Rk,Player,Debut,Age,Yrs,G,MP,FG,FGA,3P,3PA,FT,FTA,ORB,TRB,AST,STL,BLK,TOV,PF,PTS,FG%,3P%,FT%,MP,PTS,TRB,AST,STL,BLK,2024
21,Dexter Dennis,"Dec 1, '23, DAL vs. MEM",24,1,4,30,10,19,1,8,1,3,1,9,4,0,1,3,1,22,.526,.125,.333,7.5,5.5,2.3,1.0,0.0,0.3,2024
22,Gradey Dick,"Oct 25, '23, TOR vs. MIN",20,3,159,3585,555,1334,242,698,227,265,99,424,197,111,17,156,273,1579,.416,.347,.857,22.5,9.9,2.7,1.2,0.7,0.1,2024
23,Henri Drell,"Mar 14, '24, CHI vs. LAC",23,1,4,30,4,10,2,6,1,2,1,4,4,2,1,2,6,11,.400,.333,.500,7.5,2.8,1.0,1.0,0.5,0.3,2024
24,Tosan Evbuomwan,"Feb 2, '24, MEM vs. GSW",22,3,50,1040,130,292,36,109,72,98,51,182,71,30,15,48,79,368,.445,.330,.735,20.8,7.4,3.6,1.4,0.6,0.3,2024
25,Adam Flagler,"Feb 23, '24, OKC vs. WAS",24,2,39,217,26,103,15,78,1,2,7,27,16,8,3,4,15,68,.252,.192,.500,5.6,1.7,0.7,0.4,0.2,0.1,2024
26,Jordan Ford,"Oct 25, '23, SAC @ UTA",25,1,6,22,4,7,2,3,2,2,0,2,2,0,0,1,0,12,.571,.667,1.000,3.7,2.0,0.3,0.3,0.0,0.0,2024
27,Javon Freeman-Liberty,"Jan 17, '24, TOR vs. MIA",24,1,22,403,55,124,10,42,33,36,16,70,40,10,4,25,28,153,.444,.238,.917,18.3,7.0,3.2,1.8,0.5,0.2,2024
28,Alex Fudge,"Nov 4, '23, LAL @ ORL",20,1,6,40,6,15,1,5,2,2,4,5,0,3,0,2,2,15,.400,.200,1.000,6.7,2.5,0.8,0.0,0.5,0.0,2024
29,Andrew Funk,"Mar 14, '24, CHI vs. LAC",24,1,5,13,0,4,0,3,0,0,0,0,0,1,1,0,0,0,.000,.000,,2.6,0.0,0.0,0.0,0.2,0.2,2024
30,Kaiser Gates,"Oct 30, '23, NOP vs. GSW",27,1,1,7,0,4,0,2,0,0,0,1,0,0,0,0,0,0,.000,.000,,7.0,0.0,1.0,0.0,0.0,0.0,2024
31,Keyonte George,"Oct 25, '23, UTA vs. SAC",20,3,185,5611,1007,2451,433,1245,701,817,61,634,997,127,28,520,303,3148,.411,.348,.858,30.3,17.0,3.4,5.4,0.7,0.2,2024
32,Collin Gillespie,"Oct 24, '23, DEN vs. LAL",24,3,101,1923,306,692,182,431,76,92,67,279,318,96,17,107,118,870,.442,.422,.826,19.0,8.6,2.8,3.1,1.0,0.2,2024
33,Mouhamadou Gueye,"Feb 12, '24, TOR vs. SAS",25,1,11,120,11,38,0,3,4,9,12,23,5,3,18,12,15,26,.289,.000,.444,10.9,2.4,2.1,0.5,0.3,1.6,2024
34,Mouhamed Gueye,"Oct 29, '23, ATL @ MIL",21,3,82,1298,159,373,45,166,59,83,104,316,73,69,62,42,143,422,.426,.271,.711,15.8,5.1,3.9,0.9,0.8,0.8,2024
35,Jordan Hawkins,"Oct 25, '23, NOP @ MEM",21,3,158,2974,435,1181,247,723,161,196,68,368,162,57,37,120,145,1278,.368,.342,.821,18.8,8.1,2.3,1.0,0.4,0.2,2024
36,Scoot Henderson,"Oct 25, '23, POR @ LAC",19,2,128,3524,594,1482,192,565,325,410,105,392,671,116,26,389,376,1705,.401,.340,.793,27.5,13.3,3.1,5.2,0.9,0.2,2024
37,Taylor Hendricks,"Oct 25, '23, UTA vs. SAC",20,3,74,1397,167,375,79,215,49,63,79,295,55,46,42,46,124,462,.445,.367,.778,18.9,6.2,4.0,0.7,0.6,0.6,2024
38,D'Moi Hodge,"Nov 4, '23, LAL @ ORL",25,1,7,41,5,15,3,12,1,2,0,0,5,1,1,1,4,14,.333,.250,.500,5.9,2.0,0.0,0.7,0.1,0.1,2024
39,Chet Holmgren,"Oct 25, '23, OKC @ CHI",21,3,152,4393,931,1743,226,603,433,558,246,1227,323,98,337,252,374,2521,.534,.375,.776,28.9,16.6,8.1,2.1,0.6,2.2,2024
40,Jalen Hood-Schifino,"Nov 27, '23, LAL @ PHI",20,2,36,424,47,143,16,61,30,41,5,40,45,8,9,27,38,140,.329,.262,.732,11.8,3.9,1.1,1.3,0.2,0.3,2024
,,,,,Totals,Totals,Totals,Totals,Totals,Totals,Totals,Totals,Totals,Totals,Totals,Totals,Totals,Totals,Totals,Totals,Shooting,Shooting,Shooting,Per Game,Per Game,Per Game,Per Game,Per Game,Per Game,2024
Rk,Player,Debut,Age,Yrs,G,MP,FG,FGA,3P,3PA,FT,FTA,ORB,TRB,AST,STL,BLK,TOV,PF,PTS,FG%,3P%,FT%,MP,PTS,TRB,AST,STL,BLK,2024
41,Jett Howard,"Oct 25, '23, ORL vs. HOU",20,3,105,1058,151,409,86,284,33,43,31,116,73,19,17,45,98,421,.369,.303,.767,10.1,4.0,1.1,0.7,0.2,0.2,2024
42,Matthew Hurt,"Jan 29, '24, MEM vs. SAC",23,1,8,113,12,34,5,20,3,3,9,16,4,3,3,2,8,32,.353,.250,1.000,14.1,4.0,2.0,0.5,0.4,0.4,2024
43,Andre Jackson Jr.,"Oct 29, '23, MIL vs. ATL",22,3,141,1669,153,325,51,139,29,45,113,308,152,55,22,94,224,386,.471,.367,.644,11.8,2.7,2.2,1.1,0.4,0.2,2024
44,GG Jackson II,"Oct 30, '23, MEM vs. DAL",19,3,98,2010,366,877,150,439,167,224,88,347,102,56,38,116,122,1049,.417,.342,.746,20.5,10.7,3.5,1.0,0.6,0.4,2024
45,Trayce Jackson-Davis,"Oct 27, '23, GSW @ SAC",23,3,162,2477,463,728,1,5,159,280,302,759,215,62,132,108,217,1086,.636,.200,.568,15.3,6.7,4.7,1.3,0.4,0.8,2024
46,Jaime Jaquez Jr.,"Oct 25, '23, MIA vs. DET",22,3,180,4606,801,1632,121,389,346,448,217,779,545,170,42,295,325,2069,.491,.311,.772,25.6,11.5,4.3,3.0,0.9,0.2,2024
47,Trey Jemison,"Jan 24, '24, WAS vs. MIN",24,3,69,1003,119,213,0,0,35,59,113,249,44,21,45,61,144,273,.559,,.593,14.5,4.0,3.6,0.6,0.3,0.7,2024
48,Keyontae Johnson,"Oct 29, '23, OKC vs. DEN",23,1,9,66,5,16,1,3,0,0,4,10,4,1,0,4,5,11,.313,.333,,7.3,1.2,1.1,0.4,0.1,0.0,2024
49,Colby Jones,"Oct 25, '23, SAC @ UTA",21,3,70,714,88,203,18,73,29,46,38,131,66,33,18,33,67,223,.433,.247,.630,10.2,3.2,1.9,0.9,0.5,0.3,2024
50,Maxwell Lewis,"Oct 24, '23, LAL @ DEN",21,2,62,430,49,129,20,59,9,13,20,59,25,11,8,24,34,127,.380,.339,.692,6.9,2.0,1.0,0.4,0.2,0.1,2024
51,E.J. Liddell,"Oct 28, '23, NOP vs. NYK",23,3,28,111,14,33,5,23,6,7,6,23,4,3,3,4,17,39,.424,.217,.857,4.0,1.4,0.8,0.1,0.1,0.1,2024
52,Dereck Lively II,"Oct 25, '23, DAL @ SAS",19,3,98,2242,366,505,0,2,95,164,253,685,158,60,144,101,265,827,.725,.000,.579,22.9,8.4,7.0,1.6,0.6,1.5,2024
53,Chris Livingston,"Nov 1, '23, MIL @ TOR",20,3,45,213,24,56,1,16,16,21,13,59,11,8,0,11,27,65,.429,.063,.762,4.7,1.4,1.3,0.2,0.2,0.0,2024
54,Seth Lundy,"Dec 15, '23, ATL @ TOR",23,1,9,52,4,17,3,13,3,4,1,7,0,0,0,1,6,14,.235,.231,.750,5.8,1.6,0.8,0.0,0.0,0.0,2024
55,Nathan Mensah,"Dec 15, '23, CHO vs. NOP",25,1,25,307,12,28,0,0,9,12,29,65,9,6,14,14,64,33,.429,,.750,12.3,1.3,2.6,0.4,0.2,0.6,2024
56,Vasilije Micić,"Oct 27, '23, OKC @ CLE",30,2,101,1961,254,643,88,279,95,116,34,177,390,46,7,176,113,691,.395,.315,.819,19.4,6.8,1.8,3.9,0.5,0.1,2024
57,Brandon Miller,"Oct 25, '23, CHO vs. ATL",21,3,127,4087,855,2008,363,993,290,347,113,557,362,119,89,275,335,2363,.426,.366,.836,32.2,18.6,4.4,2.9,0.9,0.7,2024
58,Jordan Miller,"Oct 25, '23, LAC vs. POR",24,3,67,845,125,264,27,86,67,82,45,128,69,32,9,46,48,344,.473,.314,.817,12.6,5.1,1.9,1.0,0.5,0.1,2024
59,Leonard Miller,"Oct 28, '23, MIN vs. MIA",20,3,47,170,37,67,3,21,16,21,14,54,13,8,2,10,18,93,.552,.143,.762,3.6,2.0,1.1,0.3,0.2,0.0,2024
60,Dariq Whitehead,"Nov 25, '23, BRK vs. MIA",19,2,22,270,40,101,33,77,4,7,4,33,15,6,2,15,22,117,.396,.429,.571,12.3,5.3,1.5,0.7,0.3,0.1,2024
,,,,,Totals,Totals,Totals,Totals,Totals,Totals,Totals,Totals,Totals,Totals,Totals,Totals,Totals,Totals,Totals,Totals,Shooting,Shooting,Shooting,Per Game,Per Game,Per Game,Per Game,Per Game,Per Game,2024
Rk,Player,Debut,Age,Yrs,G,MP,FG,FGA,3P,3PA,FT,FTA,ORB,TRB,AST,STL,BLK,TOV,PF,PTS,FG%,3P%,FT%,MP,PTS,TRB,AST,STL,BLK,2024
61,Taze Moore,"Jan 21, '24, POR @ LAL",25,2,6,60,10,29,2,11,2,4,8,16,6,4,0,5,4,24,.345,.182,.500,10.0,4.0,2.7,1.0,0.7,0.0,2024
62,Kris Murray,"Oct 25, '23, POR @ LAC",23,3,165,3262,340,820,96,381,94,155,222,542,190,128,52,129,226,870,.415,.252,.606,19.8,5.3,3.3,1.2,0.8,0.3,2024
63,Pete Nance,"Jan 20, '24, CLE @ ATL",23,3,33,227,27,59,16,37,1,4,7,36,14,6,4,8,22,71,.458,.432,.250,6.9,2.2,1.1,0.4,0.2,0.1,2024
64,Markquis Nowell,"Nov 15, '23, TOR vs. MIL",24,1,1,4,0,1,0,0,2,2,2,2,2,1,0,0,0,2,.000,,1.000,4.0,2.0,2.0,2.0,1.0,0.0,2024
65,Mãozinha Pereira,"Mar 20, '24, MEM @ GSW",23,1,7,122,18,35,5,13,7,10,11,37,2,6,4,5,10,48,.514,.385,.700,17.4,6.9,5.3,0.3,0.9,0.6,2024
66,Drew Peterson,"Dec 23, '23, BOS @ LAC",24,3,34,273,23,63,16,50,8,11,12,50,16,10,3,9,22,70,.365,.320,.727,8.0,2.1,1.5,0.5,0.3,0.1,2024
67,Filip Petrušev,"Oct 29, '23, PHI vs. POR",23,1,3,10,1,2,0,0,1,2,0,1,0,0,0,0,1,3,.500,,.500,3.3,1.0,0.3,0.0,0.0,0.0,2024
68,Julian Phillips,"Oct 25, '23, CHI vs. OKC",20,3,149,1737,192,439,76,235,78,101,99,245,59,60,33,43,180,538,.437,.323,.772,11.7,3.6,1.6,0.4,0.4,0.2,2024
69,Jalen Pickett,"Oct 24, '23, DEN vs. LAL",24,3,105,1308,161,367,84,208,16,19,30,166,206,33,8,55,79,422,.439,.404,.842,12.5,4.0,1.6,2.0,0.3,0.1,2024
70,Brandin Podziemski,"Oct 30, '23, GSW @ NOP",20,3,183,4884,747,1645,288,750,199,278,212,952,638,179,35,225,303,1981,.454,.384,.716,26.7,10.8,5.2,3.5,1.0,0.2,2024
71,Craig Porter Jr.,"Oct 28, '23, CLE vs. IND",23,3,141,1851,264,530,54,136,78,112,99,318,308,76,54,118,110,660,.498,.397,.696,13.1,4.7,2.3,2.2,0.5,0.4,2024
72,Olivier-Maxence Prosper,"Nov 3, '23, DAL @ DEN",21,3,112,1146,141,342,32,118,103,145,81,250,77,37,11,34,64,417,.412,.271,.710,10.2,3.7,2.2,0.7,0.3,0.1,2024
73,Duop Reath,"Nov 12, '23, POR @ LAL",27,3,146,1941,333,739,145,406,94,121,147,380,103,50,60,75,230,905,.451,.357,.777,13.3,6.2,2.6,0.7,0.3,0.4,2024
74,Rayan Rupert,"Oct 25, '23, POR @ LAC",19,3,128,1523,152,410,58,187,49,67,66,225,114,47,9,76,138,411,.371,.310,.731,11.9,3.2,1.8,0.9,0.4,0.1,2024
75,Jermaine Samuels,"Oct 25, '23, HOU @ ORL",25,1,14,60,9,14,0,2,2,2,3,13,3,1,2,0,5,20,.643,.000,1.000,4.3,1.4,0.9,0.2,0.1,0.1,2024
76,Adama Sanogo,"Dec 28, '23, CHI vs. IND",21,2,13,87,18,34,0,0,8,12,24,42,1,1,0,6,6,44,.529,,.667,6.7,3.4,3.2,0.1,0.1,0.0,2024
77,Gui Santos,"Nov 16, '23, GSW vs. OKC",21,3,113,1340,154,328,66,190,61,83,115,299,129,44,18,75,159,435,.470,.347,.735,11.9,3.8,2.6,1.1,0.4,0.2,2024
78,Marcus Sasser,"Oct 25, '23, DET @ MIA",23,3,139,2262,376,849,161,421,109,126,30,206,388,88,18,152,187,1022,.443,.382,.865,16.3,7.4,1.5,2.8,0.6,0.1,2024
79,Brice Sensabaugh,"Oct 25, '23, UTA vs. SAC",20,3,144,2874,530,1190,258,691,175,198,93,435,228,87,19,204,226,1493,.445,.373,.884,20.0,10.4,3.0,1.6,0.6,0.1,2024
80,Ben Sheppard,"Oct 25, '23, IND vs. WAS",22,3,153,2795,284,711,155,474,71,85,81,379,196,91,20,54,275,794,.399,.327,.835,18.3,5.2,2.5,1.3,0.6,0.1,2024
,,,,,Totals,Totals,Totals,Totals,Totals,Totals,Totals,Totals,Totals,Totals,Totals,Totals,Totals,Totals,Totals,Totals,Shooting,Shooting,Shooting,Per Game,Per Game,Per Game,Per Game,Per Game,Per Game,2024
Rk,Player,Debut,Age,Yrs,G,MP,FG,FGA,3P,3PA,FT,FTA,ORB,TRB,AST,STL,BLK,TOV,PF,PTS,FG%,3P%,FT%,MP,PTS,TRB,AST,STL,BLK,2024
81,Dmytro Skapintsev,"Dec 23, '23, NYK vs. MIL",25,1,2,2,0,1,0,0,0,0,0,0,0,0,0,0,0,0,.000,,,1.0,0.0,0.0,0.0,0.0,0.0,2024
82,Jalen Slawson,"Nov 15, '23, SAC @ LAL",24,1,12,37,4,6,0,2,0,0,1,7,2,1,1,2,8,8,.667,.000,,3.1,0.7,0.6,0.2,0.1,0.1,2024
83,Nick Smith Jr.,"Oct 25, '23, CHO vs. ATL",19,3,134,2398,388,981,194,520,63,72,33,218,231,35,15,139,158,1033,.396,.373,.875,17.9,7.7,1.6,1.7,0.3,0.1,2024
84,Terquavion Smith,"Jan 19, '24, PHI @ ORL",21,1,16,84,18,46,13,35,3,5,0,4,12,8,0,7,8,52,.391,.371,.600,5.3,3.3,0.3,0.8,0.5,0.0,2024
85,Pat Spencer,"Feb 25, '24, GSW vs. DEN",27,3,75,687,105,257,22,71,32,39,36,109,142,32,4,46,54,264,.409,.310,.821,9.2,3.5,1.5,1.9,0.4,0.1,2024
86,Julian Strawther,"Oct 27, '23, DEN @ MEM",21,3,137,2142,319,781,142,438,118,150,24,231,146,60,24,90,228,898,.408,.324,.787,15.6,6.6,1.7,1.1,0.4,0.2,2024
87,Amen Thompson,"Oct 25, '23, HOU @ ORL",21,3,172,5137,920,1715,49,231,432,599,455,1290,637,229,150,333,404,2321,.536,.212,.721,29.9,13.5,7.5,3.7,1.3,0.9,2024
88,Ausar Thompson,"Oct 25, '23, DET @ MIA",21,3,159,3871,641,1261,37,181,232,386,316,922,349,226,130,221,446,1551,.508,.204,.601,24.3,9.8,5.8,2.2,1.4,0.8,2024
89,Jacob Toppin,"Dec 5, '23, NYK @ MIL",23,3,31,131,18,37,6,14,2,2,6,23,10,2,2,4,7,44,.486,.429,1.000,4.2,1.4,0.7,0.3,0.1,0.1,2024
90,Oscar Tshiebwe,"Dec 9, '23, IND @ LAL",24,3,23,312,53,94,0,0,29,40,56,144,12,16,2,10,29,135,.564,,.725,13.6,5.9,6.3,0.5,0.7,0.1,2024
91,Hunter Tyson,"Oct 29, '23, DEN @ OKC",23,3,86,580,66,189,33,118,30,39,30,114,34,13,7,20,65,195,.349,.280,.769,6.7,2.3,1.3,0.4,0.2,0.1,2024
92,Sasha Vezenkov,"Oct 25, '23, SAC @ UTA",28,1,42,511,84,191,45,120,12,15,30,96,19,20,7,12,42,225,.440,.375,.800,12.2,5.4,2.3,0.5,0.5,0.2,2024
93,Tristan Vukcevic,"Mar 23, '24, WAS vs. TOR",20,3,75,1008,219,463,60,198,124,161,49,237,81,24,50,82,122,622,.473,.303,.770,13.4,8.3,3.2,1.1,0.3,0.7,2024
94,Jarace Walker,"Oct 25, '23, IND vs. WAS",20,3,152,2542,348,829,164,428,118,160,56,479,234,97,52,162,215,978,.420,.383,.738,16.7,6.4,3.2,1.5,0.6,0.3,2024
95,Cason Wallace,"Oct 25, '23, OKC @ CHI",20,3,192,4677,564,1209,228,599,79,100,158,545,382,283,81,144,359,1435,.467,.381,.790,24.4,7.5,2.8,2.0,1.5,0.4,2024
96,Jordan Walsh,"Jan 17, '24, BOS vs. SAS",19,3,98,1195,120,248,44,126,33,45,79,259,56,50,29,40,127,317,.484,.349,.733,12.2,3.2,2.6,0.6,0.5,0.3,2024
97,Victor Wembanyama,"Oct 25, '23, SAS vs. DAL",20,3,147,4494,1212,2543,324,939,622,760,303,1585,528,165,506,490,342,3370,.477,.345,.818,30.6,22.9,10.8,3.6,1.1,3.4,2024
98,Cam Whitmore,"Oct 25, '23, HOU @ ORL",19,3,119,2061,468,1039,160,459,153,215,99,389,97,76,38,110,133,1249,.450,.349,.712,17.3,10.5,3.3,0.8,0.6,0.3,2024
99,Malik Williams,"Apr 3, '24, TOR @ MIN",25,1,7,107,9,34,1,5,0,2,15,38,2,3,4,3,15,19,.265,.200,.000,15.3,2.7,5.4,0.3,0.4,0.6,2024
100,Jalen Wilson,"Nov 1, '23, BRK @ MIA",23,3,150,3082,368,920,173,512,201,246,126,434,205,60,11,110,244,1110,.400,.338,.817,20.5,7.4,2.9,1.4,0.4,0.1,2024
,,,,,Totals,Totals,Totals,Totals,Totals,Totals,Totals,Totals,Totals,Totals,Totals,Totals,Totals,Totals,Totals,Totals,Shooting,Shooting,Shooting,Per Game,Per Game,Per Game,Per Game,Per Game,Per Game,2024
Rk,Player,Debut,Age,Yrs,G,MP,FG,FGA,3P,3PA,FT,FTA,ORB,TRB,AST,STL,BLK,TOV,PF,PTS,FG%,3P%,FT%,MP,PTS,TRB,AST,STL,BLK,2024
101,Isaiah Wong,"Dec 9, '23, IND @ LAL",23,2,21,269,42,108,13,34,25,34,14,32,28,11,0,18,21,122,.389,.382,.735,12.8,5.8,1.5,1.3,0.5,0.0,2024
1,Trey Alexander,"Oct 24, '24, DEN vs. OKC",21,2,29,159,19,50,5,20,3,4,1,16,16,3,2,6,14,46,.380,.250,.750,5.5,1.6,0.6,0.6,0.1,0.1,2025
2,Marcus Bagley,"Mar 24, '25, PHI @ NOP",23,1,10,253,27,69,5,32,8,10,23,70,10,9,12,7,16,67,.391,.156,.800,25.3,6.7,7.0,1.0,0.9,1.2,2025
3,Jamison Battle,"Oct 23, '24, TOR vs. CLE",23,2,91,1324,192,425,125,304,22,27,47,206,67,22,12,39,117,531,.452,.411,.815,14.5,5.8,2.3,0.7,0.2,0.1,2025
4,Damion Baugh,"Feb 12, '25, CHO @ ORL",24,1,15,370,42,130,12,56,13,15,14,50,56,15,2,31,22,109,.323,.214,.867,24.7,7.3,3.3,3.7,1.0,0.1,2025
5,Reece Beekman,"Oct 29, '24, GSW vs. NOP",23,1,36,469,35,107,7,40,16,21,13,39,63,33,2,21,36,93,.327,.175,.762,13.0,2.6,1.1,1.8,0.9,0.1,2025
6,Adem Bona,"Oct 23, '24, PHI vs. MIL",21,2,91,1469,183,273,2,6,107,159,153,377,35,37,116,86,191,475,.670,.333,.673,16.1,5.2,4.1,0.4,0.4,1.3,2025
7,Jalen Bridges,"Nov 13, '24, PHO @ SAC",23,1,8,30,2,7,2,7,3,4,0,4,0,0,0,4,0,9,.286,.286,.750,3.8,1.1,0.5,0.0,0.0,0.0,2025
8,Keion Brooks Jr.,"Feb 5, '25, NOP @ DEN",24,1,14,332,53,109,14,43,22,30,12,58,13,10,10,12,30,142,.486,.326,.733,23.7,10.1,4.1,0.9,0.7,0.7,2025
9,Matas Buzelis,"Oct 23, '24, CHI @ NOP",20,2,123,2709,485,1041,175,490,187,236,103,499,159,60,137,147,237,1332,.466,.357,.792,22.0,10.8,4.1,1.3,0.5,1.1,2025
10,Branden Carlson,"Nov 25, '24, OKC @ SAC",25,2,62,573,104,212,41,120,23,35,34,129,32,11,36,18,50,272,.491,.342,.657,9.2,4.4,2.1,0.5,0.2,0.6,2025
11,Bub Carrington,"Oct 24, '24, WAS vs. BOS",19,2,124,3647,441,1098,222,610,110,140,51,504,559,76,30,237,290,1214,.402,.364,.786,29.4,9.8,4.1,4.5,0.6,0.2,2025
12,Devin Carter,"Jan 3, '25, SAC vs. MEM",22,2,48,497,60,165,23,81,33,51,24,90,54,27,6,26,49,176,.364,.284,.647,10.4,3.7,1.9,1.1,0.6,0.1,2025
13,Stephon Castle,"Oct 24, '24, SAS @ DAL",20,2,116,3241,622,1426,134,472,405,560,129,472,578,118,32,303,287,1783,.436,.284,.723,27.9,15.4,4.1,5.0,1.0,0.3,2025
14,Ulrich Chomche,"Oct 23, '24, TOR vs. CLE",19,1,7,32,2,5,0,0,1,2,4,8,2,0,1,2,5,5,.400,,.500,4.6,0.7,1.1,0.3,0.0,0.1,2025
15,Cam Christie,"Dec 4, '24, LAC vs. MIN",19,2,42,353,41,109,12,49,31,43,13,64,23,13,3,14,18,125,.376,.245,.721,8.4,3.0,1.5,0.5,0.3,0.1,2025
16,Jaylen Clark,"Jan 9, '25, MIN @ ORL",23,2,81,1100,116,258,39,108,62,88,65,135,50,68,9,22,121,333,.450,.361,.705,13.6,4.1,1.7,0.6,0.8,0.1,2025
17,Donovan Clingan,"Oct 23, '24, POR vs. GSW",20,2,107,2419,353,656,50,165,133,210,392,962,154,52,161,112,285,889,.538,.303,.633,22.6,8.3,9.0,1.4,0.5,1.5,2025
18,Isaiah Collier,"Nov 7, '24, UTA @ MIL",20,2,107,2676,353,787,59,220,171,255,46,318,685,93,28,288,231,936,.449,.268,.671,25.0,8.7,3.0,6.4,0.9,0.3,2025
19,Yuri Collins,"Feb 23, '25, GSW vs. DAL",23,1,2,16,1,3,0,0,0,0,2,3,4,2,0,0,5,2,.333,,,8.0,1.0,1.5,2.0,1.0,0.0,2025
20,Isaiah Crawford,"Dec 8, '24, SAC vs. UTA",23,2,17,51,5,12,1,6,2,4,1,8,1,1,2,1,2,13,.417,.167,.500,3.0,0.8,0.5,0.1,0.1,0.1,2025
,,,,,Totals,Totals,Totals,Totals,Totals,Totals,Totals,Totals,Totals,Totals,Totals,Totals,Totals,Totals,Totals,Totals,Shooting,Shooting,Shooting,Per Game,Per Game,Per Game,Per Game,Per Game,Per Game,2025
Rk,Player,Debut,Age,Yrs,G,MP,FG,FGA,3P,3PA,FT,FTA,ORB,TRB,AST,STL,BLK,TOV,PF,PTS,FG%,3P%,FT%,MP,PTS,TRB,AST,STL,BLK,2025
21,Cui Yongxi,"Oct 27, '24, BRK vs. MIL",21,1,5,10,1,7,0,3,1,2,0,2,0,0,0,0,0,3,.143,.000,.500,2.0,0.6,0.4,0.0,0.0,0.0,2025
22,Tristan Da Silva,"Oct 23, '24, ORL @ MIA",23,2,111,2482,332,783,137,388,87,101,103,377,156,64,26,89,142,888,.424,.353,.861,22.4,8.0,3.4,1.4,0.6,0.2,2025
23,Pacome Dadiet,"Oct 22, '24, NYK @ BOS",19,2,35,162,12,40,6,24,8,10,4,29,12,5,2,4,10,38,.300,.250,.800,4.6,1.1,0.8,0.3,0.1,0.1,2025
24,N'Faly Dante,"Mar 3, '25, HOU @ OKC",23,2,8,66,11,17,0,0,5,6,9,28,2,3,5,3,10,27,.647,,.833,8.3,3.4,3.5,0.3,0.4,0.6,2025
25,RayJ Dennis,"Jan 10, '25, IND vs. GSW",23,2,26,247,33,106,18,60,10,11,10,35,44,11,6,20,24,94,.311,.300,.909,9.5,3.6,1.3,1.7,0.4,0.2,2025
26,Rob Dillingham,"Nov 2, '24, MIN @ SAS",20,2,81,828,138,344,36,105,23,35,17,89,155,37,4,85,73,335,.401,.343,.657,10.2,4.1,1.1,1.9,0.5,0.0,2025
27,Alex Ducas,"Oct 24, '24, OKC @ DEN",24,1,21,125,12,30,10,21,2,2,9,26,5,5,0,4,12,36,.400,.476,1.000,6.0,1.7,1.2,0.2,0.2,0.0,2025
28,Ryan Dunn,"Oct 23, '24, PHO @ LAC",22,2,111,2186,301,689,113,361,37,65,151,431,121,79,58,79,251,752,.437,.313,.569,19.7,6.8,3.9,1.1,0.7,0.5,2025
29,Zach Edey,"Oct 23, '24, MEM @ UTA",22,2,77,1700,313,531,19,57,115,159,275,670,77,43,106,114,219,760,.589,.333,.723,22.1,9.9,8.7,1.0,0.6,1.4,2025
30,Jesse Edwards,"Mar 2, '25, MIN @ PHO",24,1,2,5,0,0,0,0,0,0,0,0,1,0,0,0,2,0,,,,2.5,0.0,0.0,0.5,0.0,0.0,2025
31,Justin Edwards,"Nov 24, '24, PHI vs. LAC",21,2,77,1629,228,524,101,286,47,63,61,198,107,66,24,70,148,604,.435,.353,.746,21.2,7.8,2.6,1.4,0.9,0.3,2025
32,Tyson Etienne,"Mar 28, '25, BRK vs. LAC",25,2,15,185,21,67,17,57,8,10,3,9,13,3,1,9,22,67,.313,.298,.800,12.3,4.5,0.6,0.9,0.2,0.1,2025
33,Kyle Filipowski,"Oct 25, '24, UTA vs. GSW",21,2,115,2488,411,845,112,334,161,239,182,706,229,78,42,155,293,1095,.486,.335,.674,21.6,9.5,6.1,2.0,0.7,0.4,2025
34,Trentyn Flowers,"Dec 4, '24, LAC vs. MIN",19,2,8,33,6,14,0,3,3,3,2,5,1,0,0,2,5,15,.429,.000,1.000,4.1,1.9,0.6,0.1,0.0,0.0,2025
35,Enrique Freeman,"Oct 23, '24, IND @ DET",24,1,22,181,16,37,1,10,13,19,11,30,9,3,3,6,21,46,.432,.100,.684,8.2,2.1,1.4,0.4,0.1,0.1,2025
36,Johnny Furphy,"Oct 25, '24, IND @ NYK",20,2,76,823,87,194,34,100,31,50,44,171,38,33,16,33,83,239,.448,.340,.620,10.8,3.1,2.3,0.5,0.4,0.2,2025
37,Kyshawn George,"Oct 24, '24, WAS vs. BOS",21,2,101,2833,389,947,187,537,135,179,80,469,332,103,79,198,336,1100,.411,.348,.754,28.0,10.9,4.6,3.3,1.0,0.8,2025
38,Jazian Gortman,"Oct 26, '24, DAL @ PHO",21,1,16,57,9,23,4,11,2,4,1,5,6,2,1,5,9,24,.391,.364,.500,3.6,1.5,0.3,0.4,0.1,0.1,2025
39,PJ Hall,"Nov 17, '24, DEN @ MEM",22,2,34,220,40,68,5,13,17,24,29,74,11,1,13,13,27,102,.588,.385,.708,6.5,3.0,2.2,0.3,0.0,0.4,2025
40,Elijah Harkless,"Jan 11, '25, UTA @ PHO",24,2,17,204,15,46,9,32,10,15,11,27,13,14,1,6,28,49,.326,.281,.667,12.0,2.9,1.6,0.8,0.8,0.1,2025
,,,,,Totals,Totals,Totals,Totals,Totals,Totals,Totals,Totals,Totals,Totals,Totals,Totals,Totals,Totals,Totals,Totals,Shooting,Shooting,Shooting,Per Game,Per Game,Per Game,Per Game,Per Game,Per Game,2025
Rk,Player,Debut,Age,Yrs,G,MP,FG,FGA,3P,3PA,FT,FTA,ORB,TRB,AST,STL,BLK,TOV,PF,PTS,FG%,3P%,FT%,MP,PTS,TRB,AST,STL,BLK,2025
41,Ron Holland,"Oct 23, '24, DET vs. IND",19,2,120,2080,315,704,60,254,155,202,82,389,137,102,31,126,226,845,.447,.236,.767,17.3,7.0,3.2,1.1,0.9,0.3,2025
42,Ariel Hukporti,"Oct 22, '24, NYK @ BOS",22,2,53,469,37,62,0,1,19,33,44,126,28,6,31,36,67,93,.597,.000,.576,8.8,1.8,2.4,0.5,0.1,0.6,2025
43,Oso Ighodaro,"Oct 23, '24, PHO @ LAC",22,2,105,1922,218,357,0,3,58,108,125,412,148,70,53,93,215,494,.611,.000,.537,18.3,4.7,3.9,1.4,0.7,0.5,2025
44,Harrison Ingram,"Nov 6, '24, SAS @ HOU",22,2,8,46,4,7,1,2,0,0,5,12,3,3,0,1,4,9,.571,.500,,5.8,1.1,1.5,0.4,0.4,0.0,2025
45,Bronny James,"Oct 22, '24, LAL vs. MIN",20,2,51,346,34,107,16,53,13,16,8,28,48,18,4,25,26,97,.318,.302,.813,6.8,1.9,0.5,0.9,0.4,0.1,2025
46,Daniss Jenkins,"Oct 25, '24, DET @ CLE",23,2,40,549,91,214,33,86,37,48,19,60,111,31,4,46,42,252,.425,.384,.771,13.7,6.3,1.5,2.8,0.8,0.1,2025
47,AJ Johnson,"Oct 23, '24, MIL @ PHI",20,2,52,802,98,275,28,109,35,41,15,85,90,17,3,46,59,259,.356,.257,.854,15.4,5.0,1.6,1.7,0.3,0.1,2025
48,Keshad Johnson,"Dec 2, '24, MIA @ BOS",23,2,34,240,37,77,8,27,13,22,19,63,5,10,8,10,24,95,.481,.296,.591,7.1,2.8,1.9,0.1,0.3,0.2,2025
49,Dillon Jones,"Oct 24, '24, OKC @ DEN",23,1,54,552,51,133,16,63,17,28,30,121,58,16,4,28,54,135,.383,.254,.607,10.2,2.5,2.2,1.1,0.3,0.1,2025
50,Isaac Jones,"Oct 28, '24, SAC vs. POR",24,2,44,322,56,87,3,10,24,38,24,59,13,5,10,16,34,139,.644,.300,.632,7.3,3.2,1.3,0.3,0.1,0.2,2025
51,Spencer Jones,"Nov 2, '24, DEN vs. UTA",23,2,59,1022,100,205,41,117,29,44,53,135,39,40,20,29,128,270,.488,.350,.659,17.3,4.6,2.3,0.7,0.7,0.3,2025
52,Yuki Kawamura,"Oct 25, '24, MEM @ HOU",23,1,22,93,11,30,7,23,7,9,0,12,19,2,0,5,8,36,.367,.304,.778,4.2,1.6,0.5,0.9,0.1,0.0,2025
53,Kylor Kelley,"Jan 27, '25, DAL vs. WAS",27,1,11,126,14,22,0,0,6,10,12,39,5,1,3,4,15,34,.636,,.600,11.5,3.1,3.5,0.5,0.1,0.3,2025
54,Bobi Klintman,"Jan 8, '25, DET @ BRK",21,2,14,95,13,31,5,16,1,5,6,23,11,4,1,6,17,32,.419,.313,.200,6.8,2.3,1.6,0.8,0.3,0.1,2025
55,Dalton Knecht,"Oct 22, '24, LAL vs. MIN",23,2,114,1944,323,708,157,431,75,100,48,272,79,32,17,53,130,878,.456,.364,.750,17.1,7.7,2.4,0.7,0.3,0.1,2025
56,Tyler Kolek,"Oct 22, '24, NYK @ BOS",23,2,79,805,102,257,38,121,23,32,21,101,177,28,7,56,80,265,.397,.314,.719,10.2,3.4,1.3,2.2,0.4,0.1,2025
57,Pelle Larsson,"Oct 23, '24, MIA vs. ORL",23,2,91,1610,211,462,65,199,106,149,54,195,181,52,15,57,160,593,.457,.327,.711,17.7,6.5,2.1,2.0,0.6,0.2,2025
58,Malevy Leons,"Nov 1, '24, OKC @ POR",25,2,8,26,0,3,0,1,2,4,2,6,1,0,0,2,5,2,.000,.000,.500,3.3,0.3,0.8,0.1,0.0,0.0,2025
59,Jaylen Martin,"Oct 27, '24, BRK vs. MIL",21,1,16,239,31,74,7,23,9,10,11,44,17,9,0,12,14,78,.419,.304,.900,14.9,4.9,2.8,1.1,0.6,0.0,2025
60,Karlo Matković,"Oct 23, '24, NOP vs. CHI",23,2,74,1198,204,345,35,99,42,59,89,310,69,30,65,60,152,485,.591,.354,.712,16.2,6.6,4.2,0.9,0.4,0.9,2025
,,,,,Totals,Totals,Totals,Totals,Totals,Totals,Totals,Totals,Totals,Totals,Totals,Totals,Totals,Totals,Totals,Totals,Shooting,Shooting,Shooting,Per Game,Per Game,Per Game,Per Game,Per Game,Per Game,2025
Rk,Player,Debut,Age,Yrs,G,MP,FG,FGA,3P,3PA,FT,FTA,ORB,TRB,AST,STL,BLK,TOV,PF,PTS,FG%,3P%,FT%,MP,PTS,TRB,AST,STL,BLK,2025
61,Jared McCain,"Oct 23, '24, PHI vs. MIL",20,2,54,1111,195,469,81,226,71,81,17,122,108,37,1,60,73,542,.416,.358,.877,20.6,10.0,2.3,2.0,0.7,0.0,2025
62,Kevin McCullar Jr.,"Mar 25, '25, NYK vs. DAL",23,2,16,116,12,30,6,15,4,7,8,28,17,5,1,8,20,34,.400,.400,.571,7.3,2.1,1.8,1.1,0.3,0.1,2025
63,Jack McVeigh,"Nov 6, '24, HOU vs. SAS",28,1,9,43,5,17,4,13,0,0,2,5,1,0,2,2,3,14,.294,.308,,4.8,1.6,0.6,0.1,0.0,0.2,2025
64,Emanuel Miller,"Mar 4, '25, CHI vs. CLE",24,2,11,58,10,21,2,7,3,4,5,11,6,3,0,0,5,25,.476,.286,.750,5.3,2.3,1.0,0.5,0.3,0.0,2025
65,Riley Minix,"Nov 6, '24, SAS @ HOU",24,2,4,15,4,7,1,4,0,0,1,4,1,1,0,0,1,9,.571,.250,,3.8,2.3,1.0,0.3,0.3,0.0,2025
66,Yves Missi,"Oct 23, '24, NOP vs. CHI",20,2,110,2643,357,652,0,2,156,253,364,803,143,50,146,110,205,870,.548,.000,.617,24.0,7.9,7.3,1.3,0.5,1.3,2025
67,Ajay Mitchell,"Oct 24, '24, OKC @ DEN",22,2,78,1700,305,628,69,195,143,165,47,214,219,84,18,95,160,822,.486,.354,.867,21.8,10.5,2.7,2.8,1.1,0.2,2025
68,Jonathan Mogbo,"Oct 23, '24, TOR vs. CLE",23,2,81,1395,169,377,17,70,61,85,116,338,156,57,37,72,144,416,.448,.243,.718,17.2,5.1,4.2,1.9,0.7,0.5,2025
69,Tristen Newton,"Nov 18, '24, IND @ TOR",23,1,8,16,1,8,0,3,1,1,2,4,2,1,0,2,4,3,.125,.000,1.000,2.0,0.4,0.5,0.3,0.1,0.0,2025
70,Miles Norris,"Mar 6, '25, BOS vs. PHI",24,1,3,35,2,9,2,7,1,2,2,9,0,2,1,0,0,7,.222,.286,.500,11.7,2.3,3.0,0.0,0.7,0.3,2025
71,Quincy Olivari,"Dec 8, '24, LAL vs. POR",23,1,2,10,1,5,1,5,0,0,0,0,1,0,0,1,0,3,.200,.200,,5.0,1.5,0.0,0.5,0.0,0.0,2025
72,Daeqwon Plowden,"Jan 15, '25, ATL @ CHI",26,2,7,86,17,30,9,20,2,2,6,13,2,0,0,4,10,45,.567,.450,1.000,12.3,6.4,1.9,0.3,0.0,0.0,2025
73,Quinten Post,"Dec 27, '24, GSW @ LAC",24,2,87,1497,260,584,144,381,40,51,80,330,120,37,42,69,174,704,.445,.378,.784,17.2,8.1,3.8,1.4,0.4,0.5,2025
74,Zyon Pullin,"Feb 3, '25, MEM vs. SAS",23,1,3,3,0,1,0,0,0,0,0,0,0,0,0,0,0,0,.000,,,1.0,0.0,0.0,0.0,0.0,0.0,2025
75,Alex Reese,"Oct 27, '24, OKC vs. ATL",25,1,15,216,26,54,15,41,9,12,9,47,4,10,10,6,21,76,.481,.366,.750,14.4,5.1,3.1,0.3,0.7,0.7,2025
76,Antonio Reeves,"Oct 23, '24, NOP vs. CHI",24,2,50,713,121,264,56,139,28,35,19,68,41,22,4,30,43,326,.458,.403,.800,14.3,6.5,1.4,0.8,0.4,0.1,2025
77,Zaccharie Risacher,"Oct 23, '24, ATL vs. BRK",19,2,111,2730,513,1117,179,503,140,202,120,387,144,84,56,125,229,1345,.459,.356,.693,24.6,12.1,3.5,1.3,0.8,0.5,2025
78,Liam Robbins,"Oct 31, '24, MIL @ MEM",25,1,13,57,2,8,0,2,5,10,7,12,2,2,2,6,9,9,.250,.000,.500,4.4,0.7,0.9,0.2,0.2,0.2,2025
79,Jackson Rowe,"Feb 5, '25, GSW @ UTA",28,1,6,52,8,17,3,10,3,6,3,11,4,4,0,1,4,22,.471,.300,.500,8.7,3.7,1.8,0.7,0.7,0.0,2025
80,Tidjane Salaün,"Oct 26, '24, CHO vs. MIA",19,2,88,1702,178,472,85,270,88,124,91,401,100,40,21,79,130,529,.377,.315,.710,19.3,6.0,4.6,1.1,0.5,0.2,2025
,,,,,Totals,Totals,Totals,Totals,Totals,Totals,Totals,Totals,Totals,Totals,Totals,Totals,Totals,Totals,Totals,Totals,Shooting,Shooting,Shooting,Per Game,Per Game,Per Game,Per Game,Per Game,Per Game,2025
Rk,Player,Debut,Age,Yrs,G,MP,FG,FGA,3P,3PA,FT,FTA,ORB,TRB,AST,STL,BLK,TOV,PF,PTS,FG%,3P%,FT%,MP,PTS,TRB,AST,STL,BLK,2025
81,Alex Sarr,"Oct 24, '24, WAS vs. BOS",19,2,100,2732,555,1281,137,433,191,278,194,680,252,69,172,173,212,1438,.433,.316,.687,27.3,14.4,6.8,2.5,0.7,1.7,2025
82,Baylor Scheierman,"Oct 24, '24, BOS @ WAS",24,2,68,838,77,189,53,146,13,17,30,131,58,37,4,28,76,220,.407,.363,.765,12.3,3.2,1.9,0.9,0.5,0.1,2025
83,Terrence Shannon Jr.,"Nov 2, '24, MIN @ SAS",24,2,54,621,87,195,26,68,38,48,16,75,46,14,6,30,56,238,.446,.382,.792,11.5,4.4,1.4,0.9,0.3,0.1,2025
84,Jamal Shead,"Oct 23, '24, TOR vs. CLE",22,2,120,2464,312,800,125,385,107,138,46,195,569,102,16,179,255,856,.390,.325,.775,20.5,7.1,1.6,4.7,0.9,0.1,2025
85,Reed Sheppard,"Oct 23, '24, HOU vs. CHO",20,2,93,1680,280,680,152,396,48,62,29,183,205,93,39,84,136,760,.412,.384,.774,18.1,8.2,2.0,2.2,1.0,0.4,2025
86,KJ Simpson,"Nov 4, '24, CHO @ MIN",22,2,50,1065,135,390,45,169,51,66,44,138,147,49,6,80,70,366,.346,.266,.773,21.3,7.3,2.8,2.9,1.0,0.1,2025
87,Jaylen Sims,"Apr 4, '25, CHO vs. SAC",26,1,6,112,12,28,6,15,12,15,3,6,12,3,1,8,10,42,.429,.400,.800,18.7,7.0,1.0,2.0,0.5,0.2,2025
88,Tolu Smith,"Apr 13, '25, DET @ MIL",24,2,6,77,13,24,0,0,14,18,14,36,4,2,5,6,10,40,.542,,.778,12.8,6.7,6.0,0.7,0.3,0.8,2025
89,Tyler Smith,"Oct 23, '24, MIL @ PHI",20,1,23,122,24,50,13,30,6,8,6,25,4,3,4,8,11,67,.480,.433,.750,5.3,2.9,1.1,0.2,0.1,0.2,2025
90,Cam Spencer,"Nov 20, '24, MEM vs. PHI",24,2,65,1205,188,404,110,250,92,98,29,137,251,38,3,64,85,578,.465,.440,.939,18.5,8.9,2.1,3.9,0.6,0.0,2025
91,Isaiah Stevens,"Mar 29, '25, MIA @ PHI",24,1,3,6,0,2,0,1,0,0,0,2,0,1,0,0,0,0,.000,.000,,2.0,0.0,0.7,0.0,0.3,0.0,2025
92,Drew Timme,"Mar 28, '25, BRK vs. LAC",24,2,18,327,61,128,14,44,10,17,21,77,29,7,1,18,26,146,.477,.318,.588,18.2,8.1,4.3,1.6,0.4,0.1,2025
93,Nae'Qwan Tomlin,"Feb 20, '25, CLE @ BRK",24,2,38,588,94,202,16,71,36,50,52,123,28,24,24,13,73,240,.465,.225,.720,15.5,6.3,3.2,0.7,0.6,0.6,2025
94,Armel Traoré,"Nov 16, '24, LAL @ NOP",22,1,9,67,6,19,0,7,2,7,2,15,1,4,2,3,6,14,.316,.000,.286,7.4,1.6,1.7,0.1,0.4,0.2,2025
95,Luke Travers,"Nov 1, '24, CLE vs. ORL",23,2,24,191,14,56,1,25,11,11,17,44,17,8,5,11,12,40,.250,.040,1.000,8.0,1.7,1.8,0.7,0.3,0.2,2025
96,Jaylon Tyson,"Oct 23, '24, CLE @ TOR",22,2,86,1521,265,534,99,225,65,85,116,307,125,51,22,82,162,694,.496,.440,.765,17.7,8.1,3.6,1.5,0.6,0.3,2025
97,Keaton Wallace,"Oct 27, '24, ATL @ OKC",25,2,67,941,121,295,60,164,17,22,10,96,160,49,14,55,76,319,.410,.366,.773,14.0,4.8,1.4,2.4,0.7,0.2,2025
98,Ja'Kobe Walter,"Nov 1, '24, TOR vs. LAL",20,2,89,1757,237,574,109,306,93,119,85,238,113,75,16,69,167,676,.413,.356,.782,19.7,7.6,2.7,1.3,0.8,0.2,2025
99,Kel'el Ware,"Oct 23, '24, MIA vs. ORL",20,2,107,2445,455,831,86,234,99,132,254,893,84,76,119,99,180,1095,.548,.368,.750,22.9,10.2,8.3,0.8,0.7,1.1,2025
100,Anton Watson,"Mar 10, '25, NYK @ SAC",24,1,9,22,4,9,0,1,0,0,1,3,2,1,0,2,3,8,.444,.000,,2.4,0.9,0.3,0.2,0.1,0.0,2025
,,,,,Totals,Totals,Totals,Totals,Totals,Totals,Totals,Totals,Totals,Totals,Totals,Totals,Totals,Totals,Totals,Totals,Shooting,Shooting,Shooting,Per Game,Per Game,Per Game,Per Game,Per Game,Per Game,2025
Rk,Player,Debut,Age,Yrs,G,MP,FG,FGA,3P,3PA,FT,FTA,ORB,TRB,AST,STL,BLK,TOV,PF,PTS,FG%,3P%,FT%,MP,PTS,TRB,AST,STL,BLK,2025
101,Jaylen Wells,"Oct 23, '24, MEM @ UTA",21,2,120,3153,452,1085,208,604,192,240,124,410,206,79,11,114,228,1304,.417,.344,.800,26.3,10.9,3.4,1.7,0.7,0.1,2025
102,Phillip Wheeler,"Mar 26, '25, PHI vs. WAS",22,1,5,44,3,21,0,10,2,2,2,8,2,1,2,1,1,8,.143,.000,1.000,8.8,1.6,1.6,0.4,0.2,0.4,2025
103,Cody Williams,"Oct 23, '24, UTA vs. MEM",20,2,81,1595,154,412,47,190,40,59,48,176,83,34,25,59,145,395,.374,.247,.678,19.7,4.9,2.2,1.0,0.4,0.3,2025
104,Jahmir Young,"Mar 4, '25, CHI vs. CLE",24,2,11,54,8,16,3,7,2,2,1,5,10,1,0,3,5,21,.500,.429,1.000,4.9,1.9,0.5,0.9,0.1,0.0,2025
1,Ace Bailey,"Oct 22, '25, UTA vs. LAC",19,1,37,898,155,351,53,154,25,35,55,127,60,26,15,47,91,388,.442,.344,.714,24.3,10.5,3.4,1.6,0.7,0.4,2026
2,Brooks Barnhizer,"Oct 21, '25, OKC vs. HOU",23,1,21,160,12,27,1,6,4,6,7,38,9,3,2,3,12,29,.444,.167,.667,7.6,1.4,1.8,0.4,0.1,0.1,2026
3,Joan Beringer,"Oct 24, '25, MIN @ LAL",19,1,18,125,27,37,0,0,3,4,17,38,5,3,7,5,19,57,.730,,.750,6.9,3.2,2.1,0.3,0.2,0.4,2026
4,Koby Brea,"Nov 2, '25, PHO vs. SAS",23,1,2,8,1,3,0,2,2,2,0,1,2,0,0,0,0,4,.333,.000,1.000,4.0,2.0,0.5,1.0,0.0,0.0,2026
5,Johni Broome,"Nov 2, '25, PHI @ BRK",23,1,7,40,4,20,0,3,2,4,6,13,4,2,0,2,5,10,.200,.000,.500,5.7,1.4,1.9,0.6,0.3,0.0,2026
6,Carter Bryant,"Oct 22, '25, SAS @ DAL",20,1,34,274,29,87,11,45,10,12,13,56,6,6,4,12,26,79,.333,.244,.833,8.1,2.3,1.6,0.2,0.2,0.1,2026
7,Dylan Cardwell,"Oct 22, '25, SAC @ PHO",24,1,17,316,34,64,0,1,14,26,47,116,16,12,25,12,65,82,.531,.000,.538,18.6,4.8,6.8,0.9,0.7,1.5,2026
8,Moussa Cisse,"Oct 22, '25, DAL vs. SAS",23,1,25,296,39,59,0,0,22,48,48,117,6,9,30,21,45,100,.661,,.458,11.8,4.0,4.7,0.2,0.4,1.2,2026
9,Walter Clayton,"Oct 22, '25, UTA vs. LAC",22,1,39,715,93,228,40,128,55,58,13,81,133,22,8,47,71,281,.408,.313,.948,18.3,7.2,2.1,3.4,0.6,0.2,2026
10,Nique Clifford,"Oct 22, '25, SAC @ PHO",23,1,40,744,81,202,28,91,23,34,27,114,51,23,11,44,77,213,.401,.308,.676,18.6,5.3,2.9,1.3,0.6,0.3,2026
11,Javonte Cooke,"Nov 19, '25, POR vs. CHI",26,1,8,52,5,21,2,11,0,0,1,8,7,4,0,5,1,12,.238,.182,,6.5,1.5,1.0,0.9,0.5,0.0,2026
12,Cedric Coward,"Oct 22, '25, MEM vs. NOP",22,1,38,1011,191,403,58,172,91,107,57,247,110,20,13,64,78,531,.474,.337,.850,26.6,14.0,6.5,2.9,0.5,0.3,2026
13,LJ Cryer,"Jan 19, '26, GSW vs. MIA",24,1,2,5,1,3,1,2,0,0,0,0,0,0,0,0,1,3,.333,.500,,2.5,1.5,0.0,0.0,0.0,0.0,2026
14,Mohamed Diawara,"Oct 28, '25, NYK @ MIL",20,1,35,176,24,61,13,35,1,4,7,34,16,8,4,10,17,62,.393,.371,.250,5.0,1.8,1.0,0.5,0.2,0.1,2026
15,Hunter Dickinson,"Oct 22, '25, NOP @ MEM",25,1,1,5,1,2,0,0,0,0,0,0,0,0,1,2,2,2,.500,,,5.0,2.0,0.0,0.0,0.0,1.0,2026
16,Egor Dёmin,"Oct 22, '25, BRK @ CHO",19,1,36,888,128,316,88,221,31,37,17,109,123,32,12,62,65,375,.405,.398,.838,24.7,10.4,3.0,3.4,0.9,0.3,2026
17,VJ Edgecombe,"Oct 22, '25, PHI @ BOS",20,1,38,1359,223,520,83,222,72,94,64,202,159,57,20,71,122,601,.429,.374,.766,35.8,15.8,5.3,4.2,1.5,0.5,2026
18,Noa Essengue,"Nov 22, '25, CHI vs. WAS",19,1,2,6,0,3,0,2,0,0,0,0,0,1,0,0,1,0,.000,.000,,3.0,0.0,0.0,0.0,0.5,0.0,2026
19,Jeremiah Fears,"Oct 22, '25, NOP @ MEM",19,1,45,1194,238,548,47,145,104,130,34,167,143,54,11,106,79,627,.434,.324,.800,26.5,13.9,3.7,3.2,1.2,0.2,2026
20,Cooper Flagg,"Oct 22, '25, DAL vs. SAS",19,1,41,1391,294,615,40,140,142,176,46,257,170,52,32,91,93,770,.478,.286,.807,33.9,18.8,6.3,4.1,1.3,0.8,2026
,,,,,Totals,Totals,Totals,Totals,Totals,Totals,Totals,Totals,Totals,Totals,Totals,Totals,Totals,Totals,Totals,Totals,Shooting,Shooting,Shooting,Per Game,Per Game,Per Game,Per Game,Per Game,Per Game,2026
Rk,Player,Debut,Age,Yrs,G,MP,FG,FGA,3P,3PA,FT,FTA,ORB,TRB,AST,STL,BLK,TOV,PF,PTS,FG%,3P%,FT%,MP,PTS,TRB,AST,STL,BLK,2026
21,Rasheer Fleming,"Oct 24, '25, PHO @ LAC",21,1,24,167,24,68,8,39,7,9,16,30,4,6,6,4,19,63,.353,.205,.778,7.0,2.6,1.3,0.2,0.3,0.3,2026
22,Myron Gardner,"Oct 28, '25, MIA vs. CHO",24,1,16,101,18,37,8,21,5,5,11,26,9,5,2,1,18,49,.486,.381,1.000,6.3,3.1,1.6,0.6,0.3,0.1,2026
23,Vladislav Goldin,"Dec 19, '25, MIA @ BOS",24,1,1,1,0,0,0,0,0,0,0,0,1,0,0,0,0,0,,,,1.0,0.0,0.0,1.0,0.0,0.0,2026
24,Hugo González,"Oct 24, '25, BOS @ NYK",19,1,37,554,59,120,18,51,9,17,33,124,22,22,10,23,72,145,.492,.353,.529,15.0,3.9,3.4,0.6,0.6,0.3,2026
25,Yang Hansen,"Oct 22, '25, POR vs. MIN",20,1,25,209,20,68,5,32,15,16,11,41,19,2,8,22,31,60,.294,.156,.938,8.4,2.4,1.6,0.8,0.1,0.3,2026
26,Dylan Harper,"Oct 22, '25, SAS @ DAL",19,1,34,732,143,327,22,90,51,69,25,108,122,31,7,48,66,359,.437,.244,.739,21.5,10.6,3.2,3.6,0.9,0.2,2026
27,Chucky Hepburn,"Nov 30, '25, TOR @ NYK",22,1,2,13,0,6,0,5,0,0,0,1,2,1,0,1,2,0,.000,.000,,6.5,0.0,0.5,1.0,0.5,0.0,2026
28,DaRon Holmes,"Oct 25, '25, DEN vs. PHO",23,1,11,154,16,38,13,31,6,8,5,20,15,0,4,5,13,51,.421,.419,.750,14.0,4.6,1.8,1.4,0.0,0.4,2026
29,Kasparas Jakučionis,"Dec 1, '25, MIA vs. LAC",19,1,18,264,20,65,17,40,14,16,13,38,31,9,0,15,30,71,.308,.425,.875,14.7,3.9,2.1,1.7,0.5,0.0,2026
30,Sion James,"Oct 22, '25, CHO vs. BRK",23,1,43,1090,83,214,46,128,58,67,25,150,87,26,17,34,79,270,.388,.359,.866,25.3,6.3,3.5,2.0,0.6,0.4,2026
31,Tre Johnson,"Oct 22, '25, WAS @ MIL",19,1,35,866,158,354,72,184,46,52,16,99,71,24,11,52,64,434,.446,.391,.885,24.7,12.4,2.8,2.0,0.7,0.3,2026
32,Curtis Jones,"Nov 29, '25, DEN @ PHO",24,1,5,22,2,10,0,6,0,0,1,4,1,0,0,1,2,4,.200,.000,,4.4,0.8,0.8,0.2,0.0,0.0,2026
33,Kam Jones,"Dec 22, '25, IND @ BOS",23,1,11,82,10,27,1,10,0,2,2,8,9,3,0,2,4,21,.370,.100,.000,7.5,1.9,0.7,0.8,0.3,0.0,2026
34,David Jones García,"Oct 22, '25, SAS @ DAL",24,1,11,68,13,25,3,5,3,6,4,13,18,6,1,5,6,32,.520,.600,.500,6.2,2.9,1.2,1.6,0.5,0.1,2026
35,Ryan Kalkbrenner,"Oct 22, '25, CHO vs. BRK",24,1,31,764,116,150,0,2,38,53,77,195,21,20,49,32,51,270,.773,.000,.717,24.6,8.7,6.3,0.7,0.6,1.6,2026
36,Miles Kelly,"Oct 26, '25, DAL vs. TOR",23,1,8,76,11,28,7,22,0,0,4,12,5,2,0,3,8,29,.393,.318,,9.5,3.6,1.5,0.6,0.3,0.0,2026
37,Kon Knueppel,"Oct 22, '25, CHO vs. BRK",20,1,42,1358,278,570,143,329,101,113,46,221,149,28,10,93,98,800,.488,.435,.894,32.3,19.0,5.3,3.5,0.7,0.2,2026
38,Yanic Konan Niederhäuser,"Oct 22, '25, LAC @ UTA",22,1,24,211,33,51,0,2,20,31,20,52,8,2,11,12,28,86,.647,.000,.645,8.8,3.6,2.2,0.3,0.1,0.5,2026
39,Chaz Lanier,"Oct 24, '25, DET @ HOU",24,1,16,153,17,48,14,41,5,5,6,15,12,5,0,1,5,53,.354,.341,1.000,9.6,3.3,0.9,0.8,0.3,0.0,2026
40,Caleb Love,"Oct 27, '25, POR @ LAL",24,1,36,788,146,373,74,225,32,43,19,96,92,22,4,45,45,398,.391,.329,.744,21.9,11.1,2.7,2.6,0.6,0.1,2026
,,,,,Totals,Totals,Totals,Totals,Totals,Totals,Totals,Totals,Totals,Totals,Totals,Totals,Totals,Totals,Totals,Totals,Shooting,Shooting,Shooting,Per Game,Per Game,Per Game,Per Game,Per Game,Per Game,2026
Rk,Player,Debut,Age,Yrs,G,MP,FG,FGA,3P,3PA,FT,FTA,ORB,TRB,AST,STL,BLK,TOV,PF,PTS,FG%,3P%,FT%,MP,PTS,TRB,AST,STL,BLK,2026
41,Khaman Maluach,"Oct 24, '25, PHO @ LAC",19,1,18,84,8,20,0,5,7,8,5,18,3,1,7,9,15,23,.400,.000,.875,4.7,1.3,1.0,0.2,0.1,0.4,2026
42,Chris Mañon,"Oct 26, '25, LAL @ SAC",24,1,4,14,0,1,0,1,0,0,1,3,0,1,2,0,3,0,.000,.000,,3.5,0.0,0.8,0.0,0.3,0.5,2026
43,Alijah Martin,"Dec 7, '25, TOR vs. BOS",24,1,10,88,9,26,2,11,10,12,6,12,8,5,3,3,9,30,.346,.182,.833,8.8,3.0,1.2,0.8,0.5,0.3,2026
44,Jahmai Mashack,"Nov 20, '25, MEM vs. SAC",23,1,7,25,2,8,2,6,0,0,0,5,2,1,0,3,1,6,.250,.333,,3.6,0.9,0.7,0.3,0.1,0.0,2026
45,Liam McNeeley,"Oct 26, '25, CHO @ WAS",20,1,27,336,34,86,22,58,25,31,11,59,23,5,3,12,35,115,.395,.379,.806,12.4,4.3,2.2,0.9,0.2,0.1,2026
46,Collin Murray-Boyles,"Oct 26, '25, TOR @ DAL",20,1,37,796,119,222,15,43,34,53,94,189,73,32,26,41,97,287,.536,.349,.642,21.5,7.8,5.1,2.0,0.9,0.7,2026
47,Ryan Nembhard,"Oct 22, '25, DAL vs. SAS",22,1,31,638,97,213,30,76,8,11,6,60,162,7,0,48,47,232,.455,.395,.727,20.6,7.5,1.9,5.2,0.2,0.0,2026
48,Asa Newell,"Oct 24, '25, ATL @ ORL",20,1,33,351,67,120,25,57,11,20,28,63,18,12,11,17,53,170,.558,.439,.550,10.6,5.2,1.9,0.5,0.4,0.3,2026
49,Lachlan Olbrich,"Nov 29, '25, CHI @ IND",22,1,10,73,2,9,0,4,0,2,7,21,9,0,0,4,16,4,.222,.000,.000,7.3,0.4,2.1,0.9,0.0,0.0,2026
50,Micah Peavy,"Oct 27, '25, NOP vs. BOS",24,1,37,585,72,184,16,66,11,15,31,79,43,24,5,11,65,171,.391,.242,.733,15.8,4.6,2.1,1.2,0.6,0.1,2026
51,Noah Penda,"Oct 27, '25, ORL @ PHI",21,1,27,375,48,110,19,45,19,31,44,110,31,14,12,20,35,134,.436,.422,.613,13.9,5.0,4.1,1.1,0.5,0.4,2026
52,Taelon Peter,"Oct 23, '25, IND vs. OKC",23,1,22,139,12,40,10,37,4,6,6,23,16,6,2,10,9,38,.300,.270,.667,6.3,1.7,1.0,0.7,0.3,0.1,2026
53,Drake Powell,"Oct 22, '25, BRK @ CHO",20,1,30,569,69,150,24,74,30,34,6,48,51,17,5,30,44,192,.460,.324,.882,19.0,6.4,1.6,1.7,0.6,0.2,2026
54,Tyrese Proctor,"Oct 22, '25, CLE @ NYK",21,1,30,323,50,136,27,85,19,23,5,37,38,10,0,16,33,146,.368,.318,.826,10.8,4.9,1.2,1.3,0.3,0.0,2026
55,Derik Queen,"Oct 22, '25, NOP @ MEM",21,1,44,1146,216,439,8,42,116,148,76,329,190,45,41,107,126,556,.492,.190,.784,26.0,12.6,7.5,4.3,1.0,0.9,2026
56,Maxime Raynaud,"Oct 22, '25, SAC @ PHO",22,1,36,842,155,283,9,29,43,61,66,236,41,16,18,35,92,362,.548,.310,.705,23.4,10.1,6.6,1.1,0.4,0.5,2026
57,Will Richard,"Oct 21, '25, GSW @ LAL",23,1,40,771,101,207,46,125,35,43,39,101,53,41,5,31,75,283,.488,.368,.814,19.3,7.1,2.5,1.3,1.0,0.1,2026
58,Jase Richardson,"Oct 25, '25, ORL vs. CHI",20,1,29,350,66,129,22,52,21,30,15,43,39,8,2,18,32,175,.512,.423,.700,12.1,6.0,1.5,1.3,0.3,0.1,2026
59,Will Riley,"Oct 22, '25, WAS @ MIL",19,1,34,468,63,154,13,56,34,41,25,67,39,14,4,27,24,173,.409,.232,.829,13.8,5.1,2.0,1.1,0.4,0.1,2026
60,Hunter Sallis,"Oct 27, '25, PHI vs. ORL",22,1,7,26,3,5,0,0,1,2,0,1,4,0,1,5,2,7,.600,,.500,3.7,1.0,0.1,0.6,0.0,0.1,2026
,,,,,Totals,Totals,Totals,Totals,Totals,Totals,Totals,Totals,Totals,Totals,Totals,Totals,Totals,Totals,Totals,Totals,Shooting,Shooting,Shooting,Per Game,Per Game,Per Game,Per Game,Per Game,Per Game,2026
Rk,Player,Debut,Age,Yrs,G,MP,FG,FGA,3P,3PA,FT,FTA,ORB,TRB,AST,STL,BLK,TOV,PF,PTS,FG%,3P%,FT%,MP,PTS,TRB,AST,STL,BLK,2026
61,Kobe Sanders,"Oct 22, '25, LAC @ UTA",23,1,35,720,83,191,34,91,32,37,16,82,52,22,4,45,75,232,.435,.374,.865,20.6,6.6,2.3,1.5,0.6,0.1,2026
62,Ben Saraf,"Oct 22, '25, BRK @ CHO",19,1,12,203,22,62,9,33,12,15,5,19,34,8,3,23,15,65,.355,.273,.800,16.9,5.4,1.6,2.8,0.7,0.3,2026
63,Mark Sears,"Oct 26, '25, MIL @ CLE",23,1,7,26,6,13,4,8,6,8,1,2,2,0,0,4,4,22,.462,.500,.750,3.7,3.1,0.3,0.3,0.0,0.0,2026
64,Javon Small,"Oct 22, '25, MEM vs. NOP",23,1,14,176,19,56,10,31,12,15,5,20,46,4,2,18,18,60,.339,.323,.800,12.6,4.3,1.4,3.3,0.3,0.1,2026
65,Jahmyl Telfort,"Oct 28, '25, LAC @ GSW",24,1,8,32,0,4,0,4,1,4,0,3,1,1,0,1,5,1,.000,.000,.250,4.0,0.1,0.4,0.1,0.1,0.0,2026
66,Adou Thiero,"Nov 15, '25, LAL @ MIL",21,1,15,87,7,18,0,1,6,8,7,18,5,5,1,4,15,20,.389,.000,.750,5.8,1.3,1.2,0.3,0.3,0.1,2026
67,Ethan Thompson,"Dec 1, '25, IND vs. CLE",26,1,19,305,29,81,16,56,10,15,11,35,26,10,5,12,37,84,.358,.286,.667,16.1,4.4,1.8,1.4,0.5,0.3,2026
68,Nolan Traoré,"Oct 22, '25, BRK @ CHO",19,1,21,372,39,118,19,60,16,20,3,24,56,9,5,25,32,113,.331,.317,.800,17.7,5.4,1.1,2.7,0.4,0.2,2026
69,Jamir Watkins,"Oct 28, '25, WAS vs. PHI",24,1,17,228,17,37,6,22,11,14,9,48,8,7,4,7,37,51,.459,.273,.786,13.4,3.0,2.8,0.5,0.4,0.2,2026
70,Amari Williams,"Oct 24, '25, BOS @ NYK",24,1,7,43,1,2,0,0,4,6,3,11,2,1,4,2,7,6,.500,,.667,6.1,0.9,1.6,0.3,0.1,0.6,2026
71,Danny Wolf,"Nov 3, '25, BRK vs. MIN",21,1,27,523,76,191,32,88,28,34,28,114,49,18,10,29,47,212,.398,.364,.824,19.4,7.9,4.2,1.8,0.7,0.4,2026
72,Chris Youngblood,"Oct 21, '25, OKC vs. HOU",23,1,28,142,16,46,14,41,7,7,6,24,7,3,1,1,19,53,.348,.341,1.000,5.1,1.9,0.9,0.3,0.1,0.0,2026
