,,,,,Totals,,,,,,,,,,,,,,,,Shooting,,,Per Game,,,,,
Rk,Player,Debut,Age,Yrs,G,MP,FG,FGA,3P,3PA,FT,FTA,ORB,TRB,AST,STL,BLK,TOV,PF,PTS,FG%,3P%,FT%,MP,PTS,TRB,AST,STL,BLK
1,Trey Alexander,"Oct 24, '24, DEN vs. OKC",21,2,29,159,19,50,5,20,3,4,1,16,16,3,2,6,14,46,0.38,0.25,0.75,5.5,1.6,0.6,0.6,0.1,0.1
2,Marcus Bagley,"Mar 24, '25, PHI @ NOP",23,1,10,253,27,69,5,32,8,10,23,70,10,9,12,7,16,67,0.391,0.156,0.8,25.3,6.7,7,1,0.9,1.2
3,Jamison Battle,"Oct 23, '24, TOR vs. CLE",23,2,88,1280,187,414,122,297,21,26,46,199,63,22,11,37,113,517,0.452,0.411,0.808,14.5,5.9,2.3,0.7,0.3,0.1
4,Damion Baugh,"Feb 12, '25, CHO @ ORL",24,1,15,370,42,130,12,56,13,15,14,50,56,15,2,31,22,109,0.323,0.214,0.867,24.7,7.3,3.3,3.7,1,0.1
5,Reece Beekman,"Oct 29, '24, GSW vs. NOP",23,1,36,469,35,107,7,40,16,21,13,39,63,33,2,21,36,93,0.327,0.175,0.762,13,2.6,1.1,1.8,0.9,0.1
6,Adem Bona,"Oct 23, '24, PHI vs. MIL",21,2,87,1402,175,262,2,6,100,151,143,357,35,35,109,80,187,452,0.668,0.333,0.662,16.1,5.2,4.1,0.4,0.4,1.3
7,Jalen Bridges,"Nov 13, '24, PHO @ SAC",23,1,8,30,2,7,2,7,3,4,0,4,0,0,0,4,0,9,0.286,0.286,0.75,3.8,1.1,0.5,0,0,0
8,Keion Brooks Jr.,"Feb 5, '25, NOP @ DEN",24,1,14,332,53,109,14,43,22,30,12,58,13,10,10,12,30,142,0.486,0.326,0.733,23.7,10.1,4.1,0.9,0.7,0.7
9,Matas Buzelis,"Oct 23, '24, CHI @ NOP",20,2,119,2602,464,992,165,465,179,226,99,484,145,58,129,143,230,1272,0.468,0.355,0.792,21.9,10.7,4.1,1.2,0.5,1.1
10,Branden Carlson,"Nov 25, '24, OKC @ SAC",25,2,62,573,104,212,41,120,23,35,34,129,32,11,36,18,50,272,0.491,0.342,0.657,9.2,4.4,2.1,0.5,0.2,0.6
11,Bub Carrington,"Oct 24, '24, WAS vs. BOS",19,2,120,3499,425,1057,213,585,106,136,47,487,533,73,29,224,280,1169,0.402,0.364,0.779,29.2,9.7,4.1,4.4,0.6,0.2
12,Devin Carter,"Jan 3, '25, SAC vs. MEM",22,2,48,497,60,165,23,81,33,51,24,90,54,27,6,26,49,176,0.364,0.284,0.647,10.4,3.7,1.9,1.1,0.6,0.1
13,Stephon Castle,"Oct 24, '24, SAS @ DAL",20,2,112,3121,604,1381,128,454,389,537,123,456,543,114,30,294,273,1725,0.437,0.282,0.724,27.9,15.4,4.1,4.8,1,0.3
14,Ulrich Chomche,"Oct 23, '24, TOR vs. CLE",19,1,7,32,2,5,0,0,1,2,4,8,2,0,1,2,5,5,0.4,,0.5,4.6,0.7,1.1,0.3,0,0.1
15,Cam Christie,"Dec 4, '24, LAC vs. MIN",19,2,38,271,30,92,11,44,23,34,11,50,18,11,3,8,16,94,0.326,0.25,0.676,7.1,2.5,1.3,0.5,0.3,0.1
16,Jaylen Clark,"Jan 9, '25, MIN @ ORL",23,2,78,1063,114,255,39,108,62,88,61,128,48,67,8,22,118,329,0.447,0.361,0.705,13.6,4.2,1.6,0.6,0.9,0.1
17,Donovan Clingan,"Oct 23, '24, POR vs. GSW",20,2,104,2326,337,625,48,153,119,190,380,922,146,52,160,109,280,841,0.539,0.314,0.626,22.4,8.1,8.9,1.4,0.5,1.5
18,Isaiah Collier,"Nov 7, '24, UTA @ MIL",20,2,102,2554,331,745,56,210,163,242,41,307,653,87,27,279,219,881,0.444,0.267,0.674,25,8.6,3,6.4,0.9,0.3
19,Yuri Collins,"Feb 23, '25, GSW vs. DAL",23,1,2,16,1,3,0,0,0,0,2,3,4,2,0,0,5,2,0.333,,,8,1,1.5,2,1,0
20,Isaiah Crawford,"Dec 8, '24, SAC vs. UTA",23,2,17,51,5,12,1,6,2,4,1,8,1,1,2,1,2,13,0.417,0.167,0.5,3,0.8,0.5,0.1,0.1,0.1
,,,,,Totals,,,,,,,,,,,,,,,,Shooting,,,Per Game,,,,,
Rk,Player,Debut,Age,Yrs,G,MP,FG,FGA,3P,3PA,FT,FTA,ORB,TRB,AST,STL,BLK,TOV,PF,PTS,FG%,3P%,FT%,MP,PTS,TRB,AST,STL,BLK
21,Cui Yongxi,"Oct 27, '24, BRK vs. MIL",21,1,5,10,1,7,0,3,1,2,0,2,0,0,0,0,0,3,0.143,0,0.5,2,0.6,0.4,0,0,0
22,Tristan Da Silva,"Oct 23, '24, ORL @ MIA",23,2,109,2442,327,767,137,383,85,99,101,370,154,60,25,87,142,876,0.426,0.358,0.859,22.4,8,3.4,1.4,0.6,0.2
23,Pacome Dadiet,"Oct 22, '24, NYK @ BOS",19,2,32,155,11,39,6,24,8,10,4,29,11,5,2,4,10,36,0.282,0.25,0.8,4.8,1.1,0.9,0.3,0.2,0.1
24,N'Faly Dante,"Mar 3, '25, HOU @ OKC",23,2,8,66,11,17,0,0,5,6,9,28,2,3,5,3,10,27,0.647,,0.833,8.3,3.4,3.5,0.3,0.4,0.6
25,RayJ Dennis,"Jan 10, '25, IND vs. GSW",23,2,25,242,33,105,18,59,10,11,10,35,40,10,6,20,23,94,0.314,0.305,0.909,9.7,3.8,1.4,1.6,0.4,0.2
26,Rob Dillingham,"Nov 2, '24, MIN @ SAS",20,2,81,828,138,344,36,105,23,35,17,89,155,37,4,85,73,335,0.401,0.343,0.657,10.2,4.1,1.1,1.9,0.5,0
27,Alex Ducas,"Oct 24, '24, OKC @ DEN",24,1,21,125,12,30,10,21,2,2,9,26,5,5,0,4,12,36,0.4,0.476,1,6,1.7,1.2,0.2,0.2,0
28,Ryan Dunn,"Oct 23, '24, PHO @ LAC",22,2,107,2124,294,677,109,352,37,65,147,423,117,77,58,76,244,734,0.434,0.31,0.569,19.9,6.9,4,1.1,0.7,0.5
29,Zach Edey,"Oct 23, '24, MEM @ UTA",22,2,77,1700,313,531,19,57,115,159,275,670,77,43,106,114,219,760,0.589,0.333,0.723,22.1,9.9,8.7,1,0.6,1.4
30,Jesse Edwards,"Mar 2, '25, MIN @ PHO",24,1,2,5,0,0,0,0,0,0,0,0,1,0,0,0,2,0,,,,2.5,0,0,0.5,0,0
31,Justin Edwards,"Nov 24, '24, PHI vs. LAC",21,2,74,1610,223,518,100,284,47,63,61,197,105,65,23,70,147,593,0.431,0.352,0.746,21.8,8,2.7,1.4,0.9,0.3
32,Tyson Etienne,"Mar 28, '25, BRK vs. LAC",25,2,15,185,21,67,17,57,8,10,3,9,13,3,1,9,22,67,0.313,0.298,0.8,12.3,4.5,0.6,0.9,0.2,0.1
33,Kyle Filipowski,"Oct 25, '24, UTA vs. GSW",21,2,110,2349,386,795,107,316,152,228,172,669,214,70,41,146,269,1031,0.486,0.339,0.667,21.4,9.4,6.1,1.9,0.6,0.4
34,Trentyn Flowers,"Dec 4, '24, LAC vs. MIN",19,2,8,33,6,14,0,3,3,3,2,5,1,0,0,2,5,15,0.429,0,1,4.1,1.9,0.6,0.1,0,0
35,Enrique Freeman,"Oct 23, '24, IND @ DET",24,1,22,181,16,37,1,10,13,19,11,30,9,3,3,6,21,46,0.432,0.1,0.684,8.2,2.1,1.4,0.4,0.1,0.1
36,Johnny Furphy,"Oct 25, '24, IND @ NYK",20,2,72,730,78,173,29,89,29,40,41,149,33,30,12,26,78,214,0.451,0.326,0.725,10.1,3,2.1,0.5,0.4,0.2
37,Kyshawn George,"Oct 24, '24, WAS vs. BOS",21,2,97,2712,358,884,178,512,121,162,75,445,312,97,76,191,321,1015,0.405,0.348,0.747,28,10.5,4.6,3.2,1,0.8
38,Jazian Gortman,"Oct 26, '24, DAL @ PHO",21,1,16,57,9,23,4,11,2,4,1,5,6,2,1,5,9,24,0.391,0.364,0.5,3.6,1.5,0.3,0.4,0.1,0.1
39,PJ Hall,"Nov 17, '24, DEN @ MEM",22,2,34,220,40,68,5,13,17,24,29,74,11,1,13,13,27,102,0.588,0.385,0.708,6.5,3,2.2,0.3,0,0.4
40,Elijah Harkless,"Jan 11, '25, UTA @ PHO",24,2,17,204,15,46,9,32,10,15,11,27,13,14,1,6,28,49,0.326,0.281,0.667,12,2.9,1.6,0.8,0.8,0.1
,,,,,Totals,,,,,,,,,,,,,,,,Shooting,,,Per Game,,,,,
Rk,Player,Debut,Age,Yrs,G,MP,FG,FGA,3P,3PA,FT,FTA,ORB,TRB,AST,STL,BLK,TOV,PF,PTS,FG%,3P%,FT%,MP,PTS,TRB,AST,STL,BLK
41,Ron Holland,"Oct 23, '24, DET vs. IND",19,2,117,2022,308,687,60,250,148,191,80,370,132,98,30,120,217,824,0.448,0.24,0.775,17.3,7,3.2,1.1,0.8,0.3
42,Ariel Hukporti,"Oct 22, '24, NYK @ BOS",22,2,50,454,36,61,0,1,17,29,44,122,28,6,30,35,67,89,0.59,0,0.586,9.1,1.8,2.4,0.6,0.1,0.6
43,Oso Ighodaro,"Oct 23, '24, PHO @ LAC",22,2,101,1826,206,337,0,3,53,100,120,397,144,63,51,86,205,465,0.611,0,0.53,18.1,4.6,3.9,1.4,0.6,0.5
44,Harrison Ingram,"Nov 6, '24, SAS @ HOU",22,2,8,46,4,7,1,2,0,0,5,12,3,3,0,1,4,9,0.571,0.5,,5.8,1.1,1.5,0.4,0.4,0
45,Bronny James,"Oct 22, '24, LAL vs. MIN",20,2,48,334,34,105,16,52,13,16,8,28,47,18,4,25,25,97,0.324,0.308,0.813,7,2,0.6,1,0.4,0.1
46,Daniss Jenkins,"Oct 25, '24, DET @ CLE",23,2,38,531,89,211,31,84,35,46,18,59,104,27,3,44,41,244,0.422,0.369,0.761,14,6.4,1.6,2.7,0.7,0.1
47,AJ Johnson,"Oct 23, '24, MIL @ PHI",20,2,50,787,96,267,28,105,35,41,14,82,90,16,3,45,58,255,0.36,0.267,0.854,15.7,5.1,1.6,1.8,0.3,0.1
48,Keshad Johnson,"Dec 2, '24, MIA @ BOS",23,2,33,236,37,76,8,27,13,22,19,62,5,10,8,10,23,95,0.487,0.296,0.591,7.2,2.9,1.9,0.2,0.3,0.2
49,Dillon Jones,"Oct 24, '24, OKC @ DEN",23,1,54,552,51,133,16,63,17,28,30,121,58,16,4,28,54,135,0.383,0.254,0.607,10.2,2.5,2.2,1.1,0.3,0.1
50,Isaac Jones,"Oct 28, '24, SAC vs. POR",24,2,44,322,56,87,3,10,24,38,24,59,13,5,10,16,34,139,0.644,0.3,0.632,7.3,3.2,1.3,0.3,0.1,0.2
51,Spencer Jones,"Nov 2, '24, DEN vs. UTA",23,2,55,893,87,184,34,103,27,42,49,116,37,37,19,27,115,235,0.473,0.33,0.643,16.2,4.3,2.1,0.7,0.7,0.3
52,Yuki Kawamura,"Oct 25, '24, MEM @ HOU",23,1,22,93,11,30,7,23,7,9,0,12,19,2,0,5,8,36,0.367,0.304,0.778,4.2,1.6,0.5,0.9,0.1,0
53,Kylor Kelley,"Jan 27, '25, DAL vs. WAS",27,1,11,126,14,22,0,0,6,10,12,39,5,1,3,4,15,34,0.636,,0.6,11.5,3.1,3.5,0.5,0.1,0.3
54,Bobi Klintman,"Jan 8, '25, DET @ BRK",21,2,14,95,13,31,5,16,1,5,6,23,11,4,1,6,17,32,0.419,0.313,0.2,6.8,2.3,1.6,0.8,0.3,0.1
55,Dalton Knecht,"Oct 22, '24, LAL vs. MIN",23,2,111,1935,322,706,156,430,75,100,48,271,79,32,17,53,129,875,0.456,0.363,0.75,17.4,7.9,2.4,0.7,0.3,0.2
56,Tyler Kolek,"Oct 22, '24, NYK @ BOS",23,2,75,751,97,241,37,116,23,32,19,93,166,26,7,51,75,254,0.402,0.319,0.719,10,3.4,1.2,2.2,0.3,0.1
57,Pelle Larsson,"Oct 23, '24, MIA vs. ORL",23,2,87,1497,192,425,65,191,96,134,47,178,165,50,15,56,151,545,0.452,0.34,0.716,17.2,6.3,2,1.9,0.6,0.2
58,Malevy Leons,"Nov 1, '24, OKC @ POR",25,1,6,21,0,2,0,1,2,4,1,3,1,0,0,1,4,2,0,0,0.5,3.5,0.3,0.5,0.2,0,0
59,Jaylen Martin,"Oct 27, '24, BRK vs. MIL",21,1,16,239,31,74,7,23,9,10,11,44,17,9,0,12,14,78,0.419,0.304,0.9,14.9,4.9,2.8,1.1,0.6,0
60,Karlo Matković,"Oct 23, '24, NOP vs. CHI",23,2,71,1147,198,334,32,94,41,58,87,302,68,30,63,59,148,469,0.593,0.34,0.707,16.2,6.6,4.3,1,0.4,0.9
,,,,,Totals,,,,,,,,,,,,,,,,Shooting,,,Per Game,,,,,
Rk,Player,Debut,Age,Yrs,G,MP,FG,FGA,3P,3PA,FT,FTA,ORB,TRB,AST,STL,BLK,TOV,PF,PTS,FG%,3P%,FT%,MP,PTS,TRB,AST,STL,BLK
61,Jared McCain,"Oct 23, '24, PHI vs. MIL",20,2,52,1100,194,467,81,226,67,77,17,122,108,37,1,60,73,536,0.415,0.358,0.87,21.2,10.3,2.3,2.1,0.7,0
62,Kevin McCullar Jr.,"Mar 25, '25, NYK vs. DAL",23,2,14,115,12,30,6,15,4,7,8,28,17,5,1,8,20,34,0.4,0.4,0.571,8.2,2.4,2,1.2,0.4,0.1
63,Jack McVeigh,"Nov 6, '24, HOU vs. SAS",28,1,9,43,5,17,4,13,0,0,2,5,1,0,2,2,3,14,0.294,0.308,,4.8,1.6,0.6,0.1,0,0.2
64,Emanuel Miller,"Mar 4, '25, CHI vs. CLE",24,2,11,58,10,21,2,7,3,4,5,11,6,3,0,0,5,25,0.476,0.286,0.75,5.3,2.3,1,0.5,0.3,0
65,Riley Minix,"Nov 6, '24, SAS @ HOU",24,2,4,15,4,7,1,4,0,0,1,4,1,1,0,0,1,9,0.571,0.25,,3.8,2.3,1,0.3,0.3,0
66,Yves Missi,"Oct 23, '24, NOP vs. CHI",20,2,107,2558,345,628,0,1,156,253,347,782,136,49,140,108,201,846,0.549,0,0.617,23.9,7.9,7.3,1.3,0.5,1.3
67,Ajay Mitchell,"Oct 24, '24, OKC @ DEN",22,2,75,1624,290,600,65,184,140,161,45,203,205,81,17,86,154,785,0.483,0.353,0.87,21.7,10.5,2.7,2.7,1.1,0.2
68,Jonathan Mogbo,"Oct 23, '24, TOR vs. CLE",23,2,78,1369,166,372,17,70,61,83,115,330,155,57,37,72,141,410,0.446,0.243,0.735,17.6,5.3,4.2,2,0.7,0.5
69,Tristen Newton,"Nov 18, '24, IND @ TOR",23,1,8,16,1,8,0,3,1,1,2,4,2,1,0,2,4,3,0.125,0,1,2,0.4,0.5,0.3,0.1,0
70,Miles Norris,"Mar 6, '25, BOS vs. PHI",24,1,3,35,2,9,2,7,1,2,2,9,0,2,1,0,0,7,0.222,0.286,0.5,11.7,2.3,3,0,0.7,0.3
71,Quincy Olivari,"Dec 8, '24, LAL vs. POR",23,1,2,10,1,5,1,5,0,0,0,0,1,0,0,1,0,3,0.2,0.2,,5,1.5,0,0.5,0,0
72,Daeqwon Plowden,"Jan 15, '25, ATL @ CHI",26,2,7,86,17,30,9,20,2,2,6,13,2,0,0,4,10,45,0.567,0.45,1,12.3,6.4,1.9,0.3,0,0
73,Quinten Post,"Dec 27, '24, GSW @ LAC",24,2,83,1426,245,554,136,364,39,49,73,305,115,37,40,65,164,665,0.442,0.374,0.796,17.2,8,3.7,1.4,0.4,0.5
74,Zyon Pullin,"Feb 3, '25, MEM vs. SAS",23,1,3,3,0,1,0,0,0,0,0,0,0,0,0,0,0,0,0,,,1,0,0,0,0,0
75,Alex Reese,"Oct 27, '24, OKC vs. ATL",25,1,15,216,26,54,15,41,9,12,9,47,4,10,10,6,21,76,0.481,0.366,0.75,14.4,5.1,3.1,0.3,0.7,0.7
76,Antonio Reeves,"Oct 23, '24, NOP vs. CHI",24,2,50,713,121,264,56,139,28,35,19,68,41,22,4,30,43,326,0.458,0.403,0.8,14.3,6.5,1.4,0.8,0.4,0.1
77,Zaccharie Risacher,"Oct 23, '24, ATL vs. BRK",19,2,111,2730,513,1117,179,503,140,202,120,387,144,84,56,125,229,1345,0.459,0.356,0.693,24.6,12.1,3.5,1.3,0.8,0.5
78,Liam Robbins,"Oct 31, '24, MIL @ MEM",25,1,13,57,2,8,0,2,5,10,7,12,2,2,2,6,9,9,0.25,0,0.5,4.4,0.7,0.9,0.2,0.2,0.2
79,Jackson Rowe,"Feb 5, '25, GSW @ UTA",28,1,6,52,8,17,3,10,3,6,3,11,4,4,0,1,4,22,0.471,0.3,0.5,8.7,3.7,1.8,0.7,0.7,0
80,Tidjane Salaün,"Oct 26, '24, CHO vs. MIA",19,2,85,1662,172,462,84,267,86,121,87,386,96,40,20,77,124,514,0.372,0.315,0.711,19.6,6,4.5,1.1,0.5,0.2
,,,,,Totals,,,,,,,,,,,,,,,,Shooting,,,Per Game,,,,,
Rk,Player,Debut,Age,Yrs,G,MP,FG,FGA,3P,3PA,FT,FTA,ORB,TRB,AST,STL,BLK,TOV,PF,PTS,FG%,3P%,FT%,MP,PTS,TRB,AST,STL,BLK
81,Alex Sarr,"Oct 24, '24, WAS vs. BOS",19,2,96,2632,528,1231,135,427,180,261,189,661,245,67,168,167,203,1371,0.429,0.316,0.69,27.4,14.3,6.9,2.6,0.7,1.8
82,Baylor Scheierman,"Oct 24, '24, BOS @ WAS",24,2,65,787,73,179,49,137,13,17,29,120,53,33,4,25,72,208,0.408,0.358,0.765,12.1,3.2,1.8,0.8,0.5,0.1
83,Terrence Shannon Jr.,"Nov 2, '24, MIN @ SAS",24,2,54,621,87,195,26,68,38,48,16,75,46,14,6,30,56,238,0.446,0.382,0.792,11.5,4.4,1.4,0.9,0.3,0.1
84,Jamal Shead,"Oct 23, '24, TOR vs. CLE",22,2,116,2338,301,766,119,369,100,130,44,186,539,98,16,170,245,821,0.393,0.322,0.769,20.2,7.1,1.6,4.6,0.8,0.1
85,Reed Sheppard,"Oct 23, '24, HOU vs. CHO",20,2,89,1595,260,635,140,370,47,60,29,176,195,88,38,81,133,707,0.409,0.378,0.783,17.9,7.9,2,2.2,1,0.4
86,KJ Simpson,"Nov 4, '24, CHO @ MIN",22,2,50,1065,135,390,45,169,51,66,44,138,147,49,6,80,70,366,0.346,0.266,0.773,21.3,7.3,2.8,2.9,1,0.1
87,Jaylen Sims,"Apr 4, '25, CHO vs. SAC",26,1,6,112,12,28,6,15,12,15,3,6,12,3,1,8,10,42,0.429,0.4,0.8,18.7,7,1,2,0.5,0.2
88,Tolu Smith,"Apr 13, '25, DET @ MIL",24,2,6,77,13,24,0,0,14,18,14,36,4,2,5,6,10,40,0.542,,0.778,12.8,6.7,6,0.7,0.3,0.8
89,Tyler Smith,"Oct 23, '24, MIL @ PHI",20,1,23,122,24,50,13,30,6,8,6,25,4,3,4,8,11,67,0.48,0.433,0.75,5.3,2.9,1.1,0.2,0.1,0.2
90,Cam Spencer,"Nov 20, '24, MEM vs. PHI",24,2,63,1159,182,391,108,243,89,95,27,130,237,38,3,62,85,561,0.465,0.444,0.937,18.4,8.9,2.1,3.8,0.6,0
91,Isaiah Stevens,"Mar 29, '25, MIA @ PHI",24,1,3,6,0,2,0,1,0,0,0,2,0,1,0,0,0,0,0,0,,2,0,0.7,0,0.3,0
92,Drew Timme,"Mar 28, '25, BRK vs. LAC",24,2,14,270,47,106,9,37,10,16,18,69,23,5,1,16,21,113,0.443,0.243,0.625,19.3,8.1,4.9,1.6,0.4,0.1
93,Nae'Qwan Tomlin,"Feb 20, '25, CLE @ BRK",24,2,35,523,87,185,16,65,35,49,47,108,24,21,23,13,64,225,0.47,0.246,0.714,14.9,6.4,3.1,0.7,0.6,0.7
94,Armel Traoré,"Nov 16, '24, LAL @ NOP",22,1,9,67,6,19,0,7,2,7,2,15,1,4,2,3,6,14,0.316,0,0.286,7.4,1.6,1.7,0.1,0.4,0.2
95,Luke Travers,"Nov 1, '24, CLE vs. ORL",23,2,24,191,14,56,1,25,11,11,17,44,17,8,5,11,12,40,0.25,0.04,1,8,1.7,1.8,0.7,0.3,0.2
96,Jaylon Tyson,"Oct 23, '24, CLE @ TOR",22,2,83,1425,242,495,87,207,56,74,106,287,114,50,22,72,159,627,0.489,0.42,0.757,17.2,7.6,3.5,1.4,0.6,0.3
97,Keaton Wallace,"Oct 27, '24, ATL @ OKC",25,2,66,928,119,289,60,162,16,21,9,94,158,48,13,55,75,314,0.412,0.37,0.762,14.1,4.8,1.4,2.4,0.7,0.2
98,Ja'Kobe Walter,"Nov 1, '24, TOR vs. LAL",20,2,89,1757,237,574,109,306,93,119,85,238,113,75,16,69,167,676,0.413,0.356,0.782,19.7,7.6,2.7,1.3,0.8,0.2
99,Kel'el Ware,"Oct 23, '24, MIA vs. ORL",20,2,104,2402,444,805,83,224,99,132,246,875,82,75,118,97,179,1070,0.552,0.371,0.75,23.1,10.3,8.4,0.8,0.7,1.1
100,Anton Watson,"Mar 10, '25, NYK @ SAC",24,1,9,22,4,9,0,1,0,0,1,3,2,1,0,2,3,8,0.444,0,,2.4,0.9,0.3,0.2,0.1,0
,,,,,Totals,,,,,,,,,,,,,,,,Shooting,,,Per Game,,,,,
Rk,Player,Debut,Age,Yrs,G,MP,FG,FGA,3P,3PA,FT,FTA,ORB,TRB,AST,STL,BLK,TOV,PF,PTS,FG%,3P%,FT%,MP,PTS,TRB,AST,STL,BLK
101,Jaylen Wells,"Oct 23, '24, MEM @ UTA",21,2,118,3115,448,1073,205,598,191,238,123,406,206,79,11,113,228,1292,0.418,0.343,0.803,26.4,10.9,3.4,1.7,0.7,0.1
102,Phillip Wheeler,"Mar 26, '25, PHI vs. WAS",22,1,5,44,3,21,0,10,2,2,2,8,2,1,2,1,1,8,0.143,0,1,8.8,1.6,1.6,0.4,0.2,0.4
103,Cody Williams,"Oct 23, '24, UTA vs. MEM",20,2,76,1452,134,374,44,182,40,57,42,153,78,31,22,53,134,352,0.358,0.242,0.702,19.1,4.6,2,1,0.4,0.3
104,Jahmir Young,"Mar 4, '25, CHI vs. CLE",24,2,11,54,8,16,3,7,2,2,1,5,10,1,0,3,5,21,0.5,0.429,1,4.9,1.9,0.5,0.9,0.1,0